Title,Text
popolazione_2019,"This text comes from the document popolazione_2019. Popolazione residente al 1° gennaio 2019 per sesso , età e stato civile ItaliaEtà Celibi Coniugati Divorziati Vedovi Uniti civilmente Maschi già in unione civile ( per scioglimento unione ) Maschi già in unione civile ( per decesso del partner ) Totale maschi Nubili Coniugate Divorziate Vedove Unite civilmente Femmine già in unione civile ( per scioglimento unione ) Femmine già in unione civile ( per decesso del partner ) Totale femmine Totale 0 221.685 0 0 0 0 0 0 221.685 209.322 0 0 0 0 0 0 209.322 431.007 1 234.386 0 0 0 0 0 0 234.386 221.360 0 0 0 0 0 0 221.360 455.746 2 241.671 0 0 0 0 0 0 241.671 229.142 0 0 0 0 0 0 229.142 470.813 3 248.155 0 0 0 0 0 0 248.155 234.791 0 0 0 0 0 0 234.791 482.946 4 256.257 0 0 0 0 0 0 256.257 241.983 0 0 0 0 0 0 241.983 498.240 5 260.616 0 0 0 0 0 0 260.616 246.502 0 0 0 0 0 0 246.502 507.118 6 272.398 0 0 0 0 0 0 272.398 257.211 0 0 0 0 0 0 257.211 529.609 7 276.672 0 0 0 0 0 0 276.672 261.137 0 0 0 0 0 0 261.137 537.809 8 285.251 0 0 0 0 0 0 285.251 268.440 0 0 0 0 0 0 268.440 553.691 9 289.719 0 0 0 0 0 0 289.719 273.327 0 0 0 0 0 0 273.327 563.046 10 292.417 0 0 0 0 0 0 292.417 276.854 0 0 0 0 0 0 276.854 569.271 11 292.452 0 0 0 0 0 0 292.452 275.360 0 0 0 0 0 0 275.360 567.812 12 293.239 0 0 0 0 0 0 293.239 275.337 0 0 0 0 0 0 275.337 568.576 13 291.565 0 0 0 0 0 0 291.565 273.470 0 0 0 0 0 0 273.470 565.035 14 293.836 0 0 0 0 0 0 293.836 277.332 0 0 0 0 0 0 277.332 571.168 15 292.016 0 0 0 0 0 0 292.016 274.845 0 0 0 0 0 0 274.845 566.861 16 290.455 12 7 2 0 0 0 290.476 273.110 21 8 2 0 0 0 273.141 563.617 17 295.097 17 10 3 0 0 0 295.127 275.611 47 4 1 0 0 0 275.663 570.790 18 306.015 43 8 2 0 0 0 306.068 280.379 415 7 4 0 0 0 280.805 586.873 19 307.317 190 25 21 1 0 0 307.554 276.333 1.626 10 5 7 0 0 277.981 585.535 20 313.057 469 14 12 5 2 0 313.559 274.819 3.705 21 9 5 0 0 278.559 592.118 21 309.390 928 16 20 11 1 1 310.367 273.257 6.454 37 6 6 0 0 279.760 590.127 22 307.996 1.996 25 28 20 1 0 310.066 271.245 10.193 60 12 19 0 0 281.529 591.595 23 304.434 3.743 45 24 36 0 0 308.282 266.591 15.466 120 19"
popolazione_2019,This text comes from the document popolazione_2019. 0 273.327 563.046 10 292.417 0 0 0 0 0 0 292.417 276.854 0 0 0 0 0 0 276.854 569.271 11 292.452 0 0 0 0 0 0 292.452 275.360 0 0 0 0 0 0 275.360 567.812 12 293.239 0 0 0 0 0 0 293.239 275.337 0 0 0 0 0 0 275.337 568.576 13 291.565 0 0 0 0 0 0 291.565 273.470 0 0 0 0 0 0 273.470 565.035 14 293.836 0 0 0 0 0 0 293.836 277.332 0 0 0 0 0 0 277.332 571.168 15 292.016 0 0 0 0 0 0 292.016 274.845 0 0 0 0 0 0 274.845 566.861 16 290.455 12 7 2 0 0 0 290.476 273.110 21 8 2 0 0 0 273.141 563.617 17 295.097 17 10 3 0 0 0 295.127 275.611 47 4 1 0 0 0 275.663 570.790 18 306.015 43 8 2 0 0 0 306.068 280.379 415 7 4 0 0 0 280.805 586.873 19 307.317 190 25 21 1 0 0 307.554 276.333 1.626 10 5 7 0 0 277.981 585.535 20 313.057 469 14 12 5 2 0 313.559 274.819 3.705 21 9 5 0 0 278.559 592.118 21 309.390 928 16 20 11 1 1 310.367 273.257 6.454 37 6 6 0 0 279.760 590.127 22 307.996 1.996 25 28 20 1 0 310.066 271.245 10.193 60 12 19 0 0 281.529 591.595 23 304.434 3.743 45 24 36 0 0 308.282 266.591 15.466 120 19 26 0 0 282.222 590.504 24 303.847 6.047 74 25 39 1 1 310.034 265.122 22.566 181 33 25 2 0 287.929 597.963 25 304.249 10.134 85 30 52 2 0 314.552 263.130 32.228 364 46 44 1 0 295.813 610.365 26 310.791 16.317 159 49 61 0 0 327.377 262.651 45.721 510 67 62 1 1 309.013 636.390 27 300.291 24.506 257 35 69 2 0 325.160 248.331 60.208 770 82 47 1 0 309.439 634.599 28 295.804 35.412 364 35 120 2 0 331.737 236.642 77.982 1.129 141 81 0 1 315.976 647.713 29 279.225 48.606 564 68 114 2 1 328.580 219.584 96.407 1.663 189 106 3 0 317.952 646.532 30 270.451 64.677 787 66 157 2 0 336.140 204.597 118.408 2.130 261 144 1 1 325.542 661.682 31 247.613 79.604 1.039 79 183 1 0 328.519 183.336 133.748 2.862 349 140 4 0 320.439 648.958 32 231.760 96.152 1.397 84 229 2 1 329.625 168.402 150.110 3.707 436 147 2 1 322.805 652.430 33 223.361 112.954 1.978 96 210 2 0 338.601 160.187 168.284 4.751 534 176 2 1 333.935 672.536 34 210.671 131.222 2.481 130 180 3 1 344.688 150.103 183.464 5.771 698 168 2 0 340.206 684.894 35 200.052 146.974 3.205 157 266 0 0 350.654 141.131 197.366 6.814 812 185 2 1 346.311 696.965 36 192.608 164.801 3.998 180 227 1 1 361.816 135.575 213.955 8.169 1.099 200 7 0 359.005 720.821 37 181.684 176.423 4.759 227 257 2 1 363.353 127.974 223.610
popolazione_2019,This text comes from the document popolazione_2019. 26 0 0 282.222 590.504 24 303.847 6.047 74 25 39 1 1 310.034 265.122 22.566 181 33 25 2 0 287.929 597.963 25 304.249 10.134 85 30 52 2 0 314.552 263.130 32.228 364 46 44 1 0 295.813 610.365 26 310.791 16.317 159 49 61 0 0 327.377 262.651 45.721 510 67 62 1 1 309.013 636.390 27 300.291 24.506 257 35 69 2 0 325.160 248.331 60.208 770 82 47 1 0 309.439 634.599 28 295.804 35.412 364 35 120 2 0 331.737 236.642 77.982 1.129 141 81 0 1 315.976 647.713 29 279.225 48.606 564 68 114 2 1 328.580 219.584 96.407 1.663 189 106 3 0 317.952 646.532 30 270.451 64.677 787 66 157 2 0 336.140 204.597 118.408 2.130 261 144 1 1 325.542 661.682 31 247.613 79.604 1.039 79 183 1 0 328.519 183.336 133.748 2.862 349 140 4 0 320.439 648.958 32 231.760 96.152 1.397 84 229 2 1 329.625 168.402 150.110 3.707 436 147 2 1 322.805 652.430 33 223.361 112.954 1.978 96 210 2 0 338.601 160.187 168.284 4.751 534 176 2 1 333.935 672.536 34 210.671 131.222 2.481 130 180 3 1 344.688 150.103 183.464 5.771 698 168 2 0 340.206 684.894 35 200.052 146.974 3.205 157 266 0 0 350.654 141.131 197.366 6.814 812 185 2 1 346.311 696.965 36 192.608 164.801 3.998 180 227 1 1 361.816 135.575 213.955 8.169 1.099 200 7 0 359.005 720.821 37 181.684 176.423 4.759 227 257 2 1 363.353 127.974 223.610 9.454 1.326 171 2 0 362.537 725.890 38 175.424 192.259 5.736 291 256 1 1 373.968 121.796 235.513 10.983 1.561 164 3 1 370.021 743.989 39 169.914 206.031 6.938 383 294 4 1 383.565 118.800 249.609 13.048 1.859 182 5 0 383.503 767.068 40 171.447 224.022 8.386 472 269 3 3 404.602 118.947 266.768 15.255 2.353 162 3 1 403.489 808.091 41 167.591 238.204 9.700 535 339 4 0 416.373 116.727 280.663 17.258 2.763 188 5 2 417.606 833.979 42 165.901 255.874 11.634 634 298 4 2 434.347 115.758 297.310 19.619 3.355 191 5 0 436.238 870.585 43 164.921 274.220 13.520 841 367 1 1 453.871 115.043 315.429 22.545 3.969 210 1 0 457.197 911.068 44 162.910 292.552 15.405 991 405 2 2 472.267 113.473 332.498 25.061 4.801 203 2 3 476.041 948.308 45 151.835 297.829 17.106 1.197 340 3 0 468.310 107.011 334.744 26.869 5.390 201 0 1 474.216 942.526 46 144.629 308.276 18.616 1.389 360 2 1 473.273 101.062 341.757 29.109 6.259 184 0 0 478.371 951.644 47 136.587 316.814 20.515 1.622 368 3 6 475.915 96.205 350.290 30.979 7.298 181 3 2 484.958 960.873 48 126.114 321.890 21.726 1.852 375 4 3 471.964 89.851 349.650 32.510 8.253 161 3 0 480.428 952.392 49 120.659 336.274 24.146 2.110 331 2 2 483.524 87.513 362.624 34.368 9.661 149 5 1 494.321 977.845 50 112.390 339.788 24.522 2.450 379 7 2 479.538 82.199 362.454 35.388 11.214 151 4 4 491.414 970.952 51 105.133 345.398 25.932 2.834 356 2 4 479.659
popolazione_2019,This text comes from the document popolazione_2019. 9.454 1.326 171 2 0 362.537 725.890 38 175.424 192.259 5.736 291 256 1 1 373.968 121.796 235.513 10.983 1.561 164 3 1 370.021 743.989 39 169.914 206.031 6.938 383 294 4 1 383.565 118.800 249.609 13.048 1.859 182 5 0 383.503 767.068 40 171.447 224.022 8.386 472 269 3 3 404.602 118.947 266.768 15.255 2.353 162 3 1 403.489 808.091 41 167.591 238.204 9.700 535 339 4 0 416.373 116.727 280.663 17.258 2.763 188 5 2 417.606 833.979 42 165.901 255.874 11.634 634 298 4 2 434.347 115.758 297.310 19.619 3.355 191 5 0 436.238 870.585 43 164.921 274.220 13.520 841 367 1 1 453.871 115.043 315.429 22.545 3.969 210 1 0 457.197 911.068 44 162.910 292.552 15.405 991 405 2 2 472.267 113.473 332.498 25.061 4.801 203 2 3 476.041 948.308 45 151.835 297.829 17.106 1.197 340 3 0 468.310 107.011 334.744 26.869 5.390 201 0 1 474.216 942.526 46 144.629 308.276 18.616 1.389 360 2 1 473.273 101.062 341.757 29.109 6.259 184 0 0 478.371 951.644 47 136.587 316.814 20.515 1.622 368 3 6 475.915 96.205 350.290 30.979 7.298 181 3 2 484.958 960.873 48 126.114 321.890 21.726 1.852 375 4 3 471.964 89.851 349.650 32.510 8.253 161 3 0 480.428 952.392 49 120.659 336.274 24.146 2.110 331 2 2 483.524 87.513 362.624 34.368 9.661 149 5 1 494.321 977.845 50 112.390 339.788 24.522 2.450 379 7 2 479.538 82.199 362.454 35.388 11.214 151 4 4 491.414 970.952 51 105.133 345.398 25.932 2.834 356 2 4 479.659 78.908 366.705 36.374 12.611 161 4 4 494.767 974.426 52 100.285 353.879 27.454 3.403 374 2 2 485.399 75.087 371.139 36.998 14.248 128 1 2 497.603 983.002 53 92.283 358.676 28.309 3.739 373 2 4 483.386 71.284 371.494 37.685 16.248 129 2 3 496.845 980.231 54 86.754 367.451 29.554 4.313 343 1 6 488.422 68.054 378.425 38.589 18.736 129 4 4 503.941 992.363 55 75.078 347.282 27.708 4.697 365 3 4 455.137 60.911 358.297 36.101 19.794 121 1 2 475.227 930.364 56 67.414 338.351 26.885 5.027 306 2 2 437.987 56.044 347.370 34.288 22.318 103 2 0 460.125 898.112 57 62.423 333.766 25.792 5.383 293 0 4 427.661 52.581 341.174 33.222 24.590 101 1 4 451.673 879.334 58 55.922 326.450 24.475 5.904 286 0 3 413.040 48.698 330.018 31.823 27.006 91 1 2 437.639 850.679 59 51.643 320.037 23.655 6.403 236 2 4 401.980 45.832 321.358 29.889 29.781 84 1 3 426.948 828.928 60 46.734 306.194 21.508 6.961 257 3 2 381.659 41.672 307.312 27.994 32.069 68 2 4 409.121 790.780 61 43.649 304.365 21.217 7.432 227 0 1 376.891 39.580 303.054 26.715 35.271 63 2 1 404.686 781.577 62 39.832 300.065 19.550 8.266 194 5 1 367.913 36.615 295.704 25.063 38.830 65 0 2 396.279 764.192 63 36.887 294.938 18.264 8.961 166 4 0 359.220 34.701 288.849 23.390 41.661 51 3 6 388.661 747.881 64 34.174 290.378 16.990 9.877 164 0 0 351.583 32.679 281.972 22.036 46.305 44 3 2 383.041 734.624 65 30.916 278.282 15.334 10.410 132 1
popolazione_2019,This text comes from the document popolazione_2019. 78.908 366.705 36.374 12.611 161 4 4 494.767 974.426 52 100.285 353.879 27.454 3.403 374 2 2 485.399 75.087 371.139 36.998 14.248 128 1 2 497.603 983.002 53 92.283 358.676 28.309 3.739 373 2 4 483.386 71.284 371.494 37.685 16.248 129 2 3 496.845 980.231 54 86.754 367.451 29.554 4.313 343 1 6 488.422 68.054 378.425 38.589 18.736 129 4 4 503.941 992.363 55 75.078 347.282 27.708 4.697 365 3 4 455.137 60.911 358.297 36.101 19.794 121 1 2 475.227 930.364 56 67.414 338.351 26.885 5.027 306 2 2 437.987 56.044 347.370 34.288 22.318 103 2 0 460.125 898.112 57 62.423 333.766 25.792 5.383 293 0 4 427.661 52.581 341.174 33.222 24.590 101 1 4 451.673 879.334 58 55.922 326.450 24.475 5.904 286 0 3 413.040 48.698 330.018 31.823 27.006 91 1 2 437.639 850.679 59 51.643 320.037 23.655 6.403 236 2 4 401.980 45.832 321.358 29.889 29.781 84 1 3 426.948 828.928 60 46.734 306.194 21.508 6.961 257 3 2 381.659 41.672 307.312 27.994 32.069 68 2 4 409.121 790.780 61 43.649 304.365 21.217 7.432 227 0 1 376.891 39.580 303.054 26.715 35.271 63 2 1 404.686 781.577 62 39.832 300.065 19.550 8.266 194 5 1 367.913 36.615 295.704 25.063 38.830 65 0 2 396.279 764.192 63 36.887 294.938 18.264 8.961 166 4 0 359.220 34.701 288.849 23.390 41.661 51 3 6 388.661 747.881 64 34.174 290.378 16.990 9.877 164 0 0 351.583 32.679 281.972 22.036 46.305 44 3 2 383.041 734.624 65 30.916 278.282 15.334 10.410 132 1 4 335.079 29.649 265.467 20.247 48.205 38 0 2 363.608 698.687 66 29.034 272.321 14.349 11.296 122 1 2 327.125 28.340 258.981 18.667 52.297 45 0 4 358.334 685.459 67 27.316 270.922 13.387 12.292 122 0 5 324.044 26.497 254.329 17.715 57.801 40 1 3 356.386 680.430 68 26.655 279.720 13.126 13.930 118 1 3 333.553 26.774 258.512 17.605 65.334 39 1 3 368.268 701.821 69 25.144 280.023 12.325 15.471 113 1 5 333.082 25.784 254.295 16.473 72.648 24 1 5 369.230 702.312 70 25.233 288.817 11.526 17.809 119 2 5 343.511 26.252 259.228 16.032 83.042 21 0 4 384.579 728.090 71 23.172 279.606 10.932 18.871 93 1 2 332.677 24.732 244.542 15.055 89.614 19 1 3 373.966 706.643 72 22.044 274.534 9.957 20.779 92 2 3 327.411 23.877 237.105 14.208 97.824 15 0 2 373.031 700.442 73 16.208 207.432 7.202 17.604 57 0 0 248.503 18.937 174.391 10.228 83.369 10 0 1 286.936 535.439 74 16.451 208.155 6.753 19.302 65 0 3 250.729 19.127 171.718 9.692 93.520 18 0 2 294.077 544.806 75 15.789 203.582 6.060 20.979 61 0 2 246.473 19.453 165.796 9.150 101.692 8 0 0 296.099 542.572 76 15.646 195.836 5.631 22.171 68 0 3 239.355 19.219 155.719 8.564 108.633 12 2 1 292.150 531.505 77 15.285 189.640 5.176 23.949 60 0 0 234.110 19.313 146.792 7.860 117.674 11 0 3 291.653 525.763 78 15.912 200.731 5.009 28.402 46 0 2 250.102 20.936 149.188 7.809 139.590 9 0 2 317.534 567.636 79 14.612 189.733 4.271 29.609
popolazione_2019,This text comes from the document popolazione_2019. 4 335.079 29.649 265.467 20.247 48.205 38 0 2 363.608 698.687 66 29.034 272.321 14.349 11.296 122 1 2 327.125 28.340 258.981 18.667 52.297 45 0 4 358.334 685.459 67 27.316 270.922 13.387 12.292 122 0 5 324.044 26.497 254.329 17.715 57.801 40 1 3 356.386 680.430 68 26.655 279.720 13.126 13.930 118 1 3 333.553 26.774 258.512 17.605 65.334 39 1 3 368.268 701.821 69 25.144 280.023 12.325 15.471 113 1 5 333.082 25.784 254.295 16.473 72.648 24 1 5 369.230 702.312 70 25.233 288.817 11.526 17.809 119 2 5 343.511 26.252 259.228 16.032 83.042 21 0 4 384.579 728.090 71 23.172 279.606 10.932 18.871 93 1 2 332.677 24.732 244.542 15.055 89.614 19 1 3 373.966 706.643 72 22.044 274.534 9.957 20.779 92 2 3 327.411 23.877 237.105 14.208 97.824 15 0 2 373.031 700.442 73 16.208 207.432 7.202 17.604 57 0 0 248.503 18.937 174.391 10.228 83.369 10 0 1 286.936 535.439 74 16.451 208.155 6.753 19.302 65 0 3 250.729 19.127 171.718 9.692 93.520 18 0 2 294.077 544.806 75 15.789 203.582 6.060 20.979 61 0 2 246.473 19.453 165.796 9.150 101.692 8 0 0 296.099 542.572 76 15.646 195.836 5.631 22.171 68 0 3 239.355 19.219 155.719 8.564 108.633 12 2 1 292.150 531.505 77 15.285 189.640 5.176 23.949 60 0 0 234.110 19.313 146.792 7.860 117.674 11 0 3 291.653 525.763 78 15.912 200.731 5.009 28.402 46 0 2 250.102 20.936 149.188 7.809 139.590 9 0 2 317.534 567.636 79 14.612 189.733 4.271 29.609 28 0 1 238.254 20.250 134.974 6.898 144.937 8 0 1 307.068 545.322 80 12.897 173.668 3.835 30.324 23 0 0 220.747 19.358 118.500 6.143 149.675 4 1 1 293.682 514.429 81 11.271 150.332 3.040 29.537 26 1 1 194.208 17.989 97.272 5.102 145.588 3 0 1 265.955 460.163 82 9.689 129.901 2.390 28.551 14 0 2 170.547 16.941 80.009 4.390 142.821 1 1 3 244.166 414.713 83 9.155 122.017 2.197 29.801 19 0 0 163.189 16.657 70.070 3.897 149.857 2 1 1 240.485 403.674 84 8.176 105.920 1.740 29.542 20 0 0 145.398 15.981 57.351 3.236 147.762 3 0 5 224.338 369.736 85 7.087 91.025 1.414 28.850 16 0 1 128.393 15.191 45.765 2.915 142.915 1 0 3 206.790 335.183 86 6.088 76.141 1.104 27.303 3 0 1 110.640 14.370 36.388 2.385 136.439 2 0 5 189.589 300.229 87 5.194 65.309 897 26.370 15 0 3 97.788 13.591 28.663 2.105 131.224 2 0 2 175.587 273.375 88 4.706 55.366 755 25.905 14 0 1 86.747 13.394 22.919 1.986 129.190 1 0 0 167.490 254.237 89 3.575 41.366 557 21.701 2 0 1 67.202 11.414 15.655 1.449 109.050 3 0 3 137.574 204.776 90 2.812 31.511 417 19.197 4 0 0 53.941 10.204 11.253 1.211 97.259 5 0 2 119.934 173.875 91 2.177 23.607 300 16.717 3 0 1 42.805 8.822 7.945 944 84.754 0 0 0 102.465 145.270 92 1.681 16.626 223 13.802 2 0 0 32.334 7.404 5.366 759 70.616 0 0 2 84.147 116.481 93 1.261 11.572
popolazione_2019,This text comes from the document popolazione_2019. 28 0 1 238.254 20.250 134.974 6.898 144.937 8 0 1 307.068 545.322 80 12.897 173.668 3.835 30.324 23 0 0 220.747 19.358 118.500 6.143 149.675 4 1 1 293.682 514.429 81 11.271 150.332 3.040 29.537 26 1 1 194.208 17.989 97.272 5.102 145.588 3 0 1 265.955 460.163 82 9.689 129.901 2.390 28.551 14 0 2 170.547 16.941 80.009 4.390 142.821 1 1 3 244.166 414.713 83 9.155 122.017 2.197 29.801 19 0 0 163.189 16.657 70.070 3.897 149.857 2 1 1 240.485 403.674 84 8.176 105.920 1.740 29.542 20 0 0 145.398 15.981 57.351 3.236 147.762 3 0 5 224.338 369.736 85 7.087 91.025 1.414 28.850 16 0 1 128.393 15.191 45.765 2.915 142.915 1 0 3 206.790 335.183 86 6.088 76.141 1.104 27.303 3 0 1 110.640 14.370 36.388 2.385 136.439 2 0 5 189.589 300.229 87 5.194 65.309 897 26.370 15 0 3 97.788 13.591 28.663 2.105 131.224 2 0 2 175.587 273.375 88 4.706 55.366 755 25.905 14 0 1 86.747 13.394 22.919 1.986 129.190 1 0 0 167.490 254.237 89 3.575 41.366 557 21.701 2 0 1 67.202 11.414 15.655 1.449 109.050 3 0 3 137.574 204.776 90 2.812 31.511 417 19.197 4 0 0 53.941 10.204 11.253 1.211 97.259 5 0 2 119.934 173.875 91 2.177 23.607 300 16.717 3 0 1 42.805 8.822 7.945 944 84.754 0 0 0 102.465 145.270 92 1.681 16.626 223 13.802 2 0 0 32.334 7.404 5.366 759 70.616 0 0 2 84.147 116.481 93 1.261 11.572 137 11.089 0 0 0 24.059 6.203 3.533 653 57.871 2 0 2 68.264 92.323 94 948 7.658 100 9.027 1 0 0 17.734 5.082 2.355 481 45.843 0 0 1 53.762 71.496 95 661 5.150 78 7.120 0 0 0 13.009 3.843 1.501 337 36.193 0 0 0 41.874 54.883 96 447 3.176 41 5.097 0 0 0 8.761 2.827 937 270 27.040 0 0 1 31.075 39.836 97 342 2.013 38 3.548 0 0 0 5.941 2.139 523 182 20.057 0 0 0 22.901 28.842 98 234 1.172 22 2.401 0 0 0 3.829 1.446 349 118 13.908 0 0 0 15.821 19.650 99 78 459 11 1.068 0 0 0 1.616 752 148 46 6.422 0 0 1 7.369 8.985 100 e oltre 163 519 9 1.484 0 0 0 2.175 1.376 241 96 10.243 0 0 1 11.957 14.132 Totale 13.605.095 14.046.332 716.883 750.648 12.016 102 119 29.131.195 11.735.678 14.241.944 1.036.609 3.665.242 5.770 105 130 30.685.478 59.816.673 Risultati da 1 a 102 di 102 elementi
popolazione_2019,This text comes from the document popolazione_2019. 137 11.089 0 0 0 24.059 6.203 3.533 653 57.871 2 0 2 68.264 92.323 94 948 7.658 100 9.027 1 0 0 17.734 5.082 2.355 481 45.843 0 0 1 53.762 71.496 95 661 5.150 78 7.120 0 0 0 13.009 3.843 1.501 337 36.193 0 0 0 41.874 54.883 96 447 3.176 41 5.097 0 0 0 8.761 2.827 937 270 27.040 0 0 1 31.075 39.836 97 342 2.013 38 3.548 0 0 0 5.941 2.139 523 182 20.057 0 0 0 22.901 28.842 98 234 1.172 22 2.401 0 0 0 3.829 1.446 349 118 13.908 0 0 0 15.821 19.650 99 78 459 11 1.068 0 0 0 1.616 752 148 46 6.422 0 0 1 7.369 8.985 100 e oltre 163 519 9 1.484 0 0 0 2.175 1.376 241 96 10.243 0 0 1 11.957 14.132 Totale 13.605.095 14.046.332 716.883 750.648 12.016 102 119 29.131.195 11.735.678 14.241.944 1.036.609 3.665.242 5.770 105 130 30.685.478 59.816.673 Risultati da 1 a 102 di 102 elementi
popolazione_2020,"This text comes from the document popolazione_2020. Popolazione residente al 1° gennaio 2020 per sesso , età e stato civile ItaliaEtà Celibi Coniugati Divorziati Vedovi Uniti civilmente Maschi già in unione civile ( per scioglimento unione ) Maschi già in unione civile ( per decesso del partner ) Totale maschi Nubili Coniugate Divorziate Vedove Unite civilmente Femmine già in unione civile ( per scioglimento unione ) Femmine già in unione civile ( per decesso del partner ) Totale femmine Totale 0 212.756 0 0 0 0 0 0 212.756 202.218 0 0 0 0 0 0 202.218 414.974 1 224.617 0 0 0 0 0 0 224.617 212.168 0 0 0 0 0 0 212.168 436.785 2 235.153 0 0 0 0 0 0 235.153 222.161 0 0 0 0 0 0 222.161 457.314 3 242.107 0 0 0 0 0 0 242.107 229.589 0 0 0 0 0 0 229.589 471.696 4 248.565 0 0 0 0 0 0 248.565 235.204 0 0 0 0 0 0 235.204 483.769 5 256.796 0 0 0 0 0 0 256.796 242.348 0 0 0 0 0 0 242.348 499.144 6 260.833 0 0 0 0 0 0 260.833 246.458 0 0 0 0 0 0 246.458 507.291 7 272.305 0 0 0 0 0 0 272.305 257.168 0 0 0 0 0 0 257.168 529.473 8 276.769 0 0 0 0 0 0 276.769 261.133 0 0 0 0 0 0 261.133 537.902 9 285.537 0 0 0 0 0 0 285.537 268.609 0 0 0 0 0 0 268.609 554.146 10 289.596 0 0 0 0 0 0 289.596 273.168 0 0 0 0 0 0 273.168 562.764 11 292.556 0 0 0 0 0 0 292.556 276.781 0 0 0 0 0 0 276.781 569.337 12 292.641 0 0 0 0 0 0 292.641 275.384 0 0 0 0 0 0 275.384 568.025 13 293.544 0 0 0 0 0 0 293.544 275.519 0 0 0 0 0 0 275.519 569.063 14 292.112 0 0 0 0 0 0 292.112 273.759 0 0 0 0 0 0 273.759 565.871 15 294.493 5 7 1 0 0 0 294.506 277.691 8 3 2 0 0 0 277.704 572.210 16 292.757 4 9 1 0 0 0 292.771 275.226 4 4 1 0 0 0 275.235 568.006 17 291.790 7 6 4 0 0 0 291.807 273.535 34 10 3 0 0 0 273.582 565.389 18 297.955 30 13 1 1 0 0 298.000 276.398 300 7 1 1 0 0 276.707 574.707 19 308.229 128 18 5 1 0 0 308.381 280.874 1.480 6 2 1 0 0 282.363 590.744 20 307.735 407 26 17 4 0 0 308.189 276.062 3.160 30 8 8 1 0 279.269 587.458 21 312.256 873 25 15 12 1 0 313.182 273.896 5.882 41 8 7 1 0 279.835 593.017 22 308.226 1.681 33 12 16 1 1 309.970 271.737 9.200 68 5 16 3 0 281.029 590.999 23 306.402 3.173 58 14 39 2 0 309.688 269.072 13.872 103 19"
popolazione_2020,This text comes from the document popolazione_2020. 0 268.609 554.146 10 289.596 0 0 0 0 0 0 289.596 273.168 0 0 0 0 0 0 273.168 562.764 11 292.556 0 0 0 0 0 0 292.556 276.781 0 0 0 0 0 0 276.781 569.337 12 292.641 0 0 0 0 0 0 292.641 275.384 0 0 0 0 0 0 275.384 568.025 13 293.544 0 0 0 0 0 0 293.544 275.519 0 0 0 0 0 0 275.519 569.063 14 292.112 0 0 0 0 0 0 292.112 273.759 0 0 0 0 0 0 273.759 565.871 15 294.493 5 7 1 0 0 0 294.506 277.691 8 3 2 0 0 0 277.704 572.210 16 292.757 4 9 1 0 0 0 292.771 275.226 4 4 1 0 0 0 275.235 568.006 17 291.790 7 6 4 0 0 0 291.807 273.535 34 10 3 0 0 0 273.582 565.389 18 297.955 30 13 1 1 0 0 298.000 276.398 300 7 1 1 0 0 276.707 574.707 19 308.229 128 18 5 1 0 0 308.381 280.874 1.480 6 2 1 0 0 282.363 590.744 20 307.735 407 26 17 4 0 0 308.189 276.062 3.160 30 8 8 1 0 279.269 587.458 21 312.256 873 25 15 12 1 0 313.182 273.896 5.882 41 8 7 1 0 279.835 593.017 22 308.226 1.681 33 12 16 1 1 309.970 271.737 9.200 68 5 16 3 0 281.029 590.999 23 306.402 3.173 58 14 39 2 0 309.688 269.072 13.872 103 19 26 2 0 283.094 592.782 24 302.233 5.631 69 6 52 0 0 307.991 263.221 20.163 199 22 31 5 0 283.641 591.632 25 300.405 8.792 104 14 62 0 1 309.378 260.014 28.832 307 48 39 2 0 289.242 598.620 26 299.398 14.110 140 22 85 3 0 313.758 255.852 40.010 562 69 73 2 0 296.568 610.326 27 304.378 21.905 237 25 90 0 0 326.635 253.626 55.573 725 98 78 6 1 310.107 636.742 28 292.275 31.808 370 32 102 3 0 324.590 237.709 71.458 1.067 115 71 3 0 310.423 635.013 29 285.875 44.462 549 28 162 6 1 331.083 225.149 89.738 1.539 175 105 3 1 316.710 647.793 30 268.207 58.803 817 44 159 3 1 328.034 207.812 108.344 2.166 232 159 5 0 318.718 646.752 31 258.607 75.540 1.083 51 209 3 0 335.493 193.061 129.747 2.844 310 190 5 1 326.158 661.651 32 236.137 90.125 1.384 65 233 3 0 327.947 173.599 143.417 3.521 402 200 9 0 321.148 649.095 33 220.938 105.925 1.877 94 269 6 0 329.109 160.053 158.023 4.531 505 177 3 1 323.293 652.402 34 213.066 122.259 2.478 97 263 3 0 338.166 152.833 174.966 5.744 614 213 4 1 334.375 672.541 35 201.728 139.303 3.160 133 227 5 1 344.557 143.610 189.052 6.783 796 211 4 1 340.457 685.014 36 191.613 154.381 3.904 174 297 3 0 350.372 135.919 201.469 8.060 943 209 5 1 346.606 696.978 37 185.088 171.021 4.885 203 275 3 1 361.476 131.066 217.247
popolazione_2020,This text comes from the document popolazione_2020. 26 2 0 283.094 592.782 24 302.233 5.631 69 6 52 0 0 307.991 263.221 20.163 199 22 31 5 0 283.641 591.632 25 300.405 8.792 104 14 62 0 1 309.378 260.014 28.832 307 48 39 2 0 289.242 598.620 26 299.398 14.110 140 22 85 3 0 313.758 255.852 40.010 562 69 73 2 0 296.568 610.326 27 304.378 21.905 237 25 90 0 0 326.635 253.626 55.573 725 98 78 6 1 310.107 636.742 28 292.275 31.808 370 32 102 3 0 324.590 237.709 71.458 1.067 115 71 3 0 310.423 635.013 29 285.875 44.462 549 28 162 6 1 331.083 225.149 89.738 1.539 175 105 3 1 316.710 647.793 30 268.207 58.803 817 44 159 3 1 328.034 207.812 108.344 2.166 232 159 5 0 318.718 646.752 31 258.607 75.540 1.083 51 209 3 0 335.493 193.061 129.747 2.844 310 190 5 1 326.158 661.651 32 236.137 90.125 1.384 65 233 3 0 327.947 173.599 143.417 3.521 402 200 9 0 321.148 649.095 33 220.938 105.925 1.877 94 269 6 0 329.109 160.053 158.023 4.531 505 177 3 1 323.293 652.402 34 213.066 122.259 2.478 97 263 3 0 338.166 152.833 174.966 5.744 614 213 4 1 334.375 672.541 35 201.728 139.303 3.160 133 227 5 1 344.557 143.610 189.052 6.783 796 211 4 1 340.457 685.014 36 191.613 154.381 3.904 174 297 3 0 350.372 135.919 201.469 8.060 943 209 5 1 346.606 696.978 37 185.088 171.021 4.885 203 275 3 1 361.476 131.066 217.247 9.509 1.228 245 5 0 359.300 720.776 38 175.455 181.318 5.646 274 302 4 1 363.000 124.174 225.918 10.916 1.471 212 2 0 362.693 725.693 39 170.081 196.155 6.728 311 297 4 0 373.576 118.555 237.146 12.503 1.743 202 4 1 370.154 743.730 40 165.211 209.138 8.049 417 346 7 2 383.170 115.885 250.926 14.577 2.082 226 5 0 383.701 766.871 41 167.051 226.343 9.643 526 311 3 4 403.881 116.470 267.264 17.070 2.595 203 8 1 403.611 807.492 42 163.358 240.101 11.095 596 371 4 1 415.526 114.423 280.727 19.235 3.058 230 5 2 417.680 833.206 43 162.268 256.836 13.168 745 340 5 2 433.364 113.752 296.768 21.679 3.667 228 6 0 436.100 869.464 44 161.778 274.898 15.184 963 425 7 2 453.257 113.141 314.620 24.866 4.294 251 2 0 457.174 910.431 45 160.121 292.398 17.271 1.107 453 4 4 471.358 111.809 331.300 27.218 5.269 230 4 3 475.833 947.191 46 149.204 297.265 19.036 1.321 416 5 0 467.247 105.474 333.312 29.235 5.872 239 4 1 474.137 941.384 47 142.286 307.674 20.506 1.561 411 6 1 472.445 99.755 339.744 31.425 6.837 209 2 0 477.972 950.417 48 134.483 315.812 22.499 1.768 417 4 7 474.990 95.181 348.082 33.339 7.895 216 3 2 484.718 959.708 49 124.302 320.277 23.728 2.023 421 4 5 470.760 88.869 347.337 34.990 8.915 187 6 1 480.305 951.065 50 118.837 334.535 26.187 2.339 396 3 2 482.299 86.539 360.236 36.617 10.453 174 6 1 494.026 976.325 51 110.790 337.661 26.463 2.699 429 7 2 478.051
popolazione_2020,This text comes from the document popolazione_2020. 9.509 1.228 245 5 0 359.300 720.776 38 175.455 181.318 5.646 274 302 4 1 363.000 124.174 225.918 10.916 1.471 212 2 0 362.693 725.693 39 170.081 196.155 6.728 311 297 4 0 373.576 118.555 237.146 12.503 1.743 202 4 1 370.154 743.730 40 165.211 209.138 8.049 417 346 7 2 383.170 115.885 250.926 14.577 2.082 226 5 0 383.701 766.871 41 167.051 226.343 9.643 526 311 3 4 403.881 116.470 267.264 17.070 2.595 203 8 1 403.611 807.492 42 163.358 240.101 11.095 596 371 4 1 415.526 114.423 280.727 19.235 3.058 230 5 2 417.680 833.206 43 162.268 256.836 13.168 745 340 5 2 433.364 113.752 296.768 21.679 3.667 228 6 0 436.100 869.464 44 161.778 274.898 15.184 963 425 7 2 453.257 113.141 314.620 24.866 4.294 251 2 0 457.174 910.431 45 160.121 292.398 17.271 1.107 453 4 4 471.358 111.809 331.300 27.218 5.269 230 4 3 475.833 947.191 46 149.204 297.265 19.036 1.321 416 5 0 467.247 105.474 333.312 29.235 5.872 239 4 1 474.137 941.384 47 142.286 307.674 20.506 1.561 411 6 1 472.445 99.755 339.744 31.425 6.837 209 2 0 477.972 950.417 48 134.483 315.812 22.499 1.768 417 4 7 474.990 95.181 348.082 33.339 7.895 216 3 2 484.718 959.708 49 124.302 320.277 23.728 2.023 421 4 5 470.760 88.869 347.337 34.990 8.915 187 6 1 480.305 951.065 50 118.837 334.535 26.187 2.339 396 3 2 482.299 86.539 360.236 36.617 10.453 174 6 1 494.026 976.325 51 110.790 337.661 26.463 2.699 429 7 2 478.051 81.423 359.567 37.668 12.089 173 6 4 490.930 968.981 52 103.687 343.117 27.991 3.080 405 2 7 478.289 78.196 363.736 38.566 13.557 174 4 6 494.239 972.528 53 98.801 351.478 29.315 3.711 427 3 1 483.736 74.399 368.041 39.195 15.296 144 2 2 497.079 980.815 54 91.079 356.009 30.189 4.061 424 2 5 481.769 70.630 368.412 39.686 17.398 154 2 4 496.286 978.055 55 85.468 364.826 31.406 4.685 390 1 7 486.783 67.599 375.004 40.538 20.088 148 5 6 503.388 990.171 56 73.992 344.700 29.240 5.072 402 4 5 453.415 60.470 354.868 37.733 21.203 131 3 2 474.410 927.825 57 66.441 335.489 28.369 5.469 342 2 4 436.116 55.599 344.059 35.665 23.910 115 3 2 459.353 895.469 58 61.417 330.956 27.178 5.778 335 0 4 425.668 52.187 337.433 34.617 26.358 110 2 4 450.711 876.379 59 55.000 323.684 25.692 6.338 307 0 5 411.026 48.280 326.264 32.991 28.983 99 1 3 436.621 847.647 60 50.749 317.265 24.550 6.933 264 3 8 399.772 45.460 317.654 30.782 31.779 87 1 4 425.767 825.539 61 45.931 303.271 22.423 7.480 273 3 4 379.385 41.428 303.360 28.880 34.198 72 1 7 407.946 787.331 62 42.902 301.276 21.770 8.074 248 1 1 374.272 39.250 298.925 27.363 37.600 78 2 1 403.219 777.491 63 39.117 296.816 20.172 8.874 212 4 2 365.197 36.379 291.077 25.660 41.352 63 1 2 394.534 759.731 64 36.120 291.635 18.753 9.590 194 4 0 356.296 34.395 284.159 23.871 44.473 56 3 5 386.962 743.258 65 33.386 286.780 17.449 10.578 184 0
popolazione_2020,This text comes from the document popolazione_2020. 81.423 359.567 37.668 12.089 173 6 4 490.930 968.981 52 103.687 343.117 27.991 3.080 405 2 7 478.289 78.196 363.736 38.566 13.557 174 4 6 494.239 972.528 53 98.801 351.478 29.315 3.711 427 3 1 483.736 74.399 368.041 39.195 15.296 144 2 2 497.079 980.815 54 91.079 356.009 30.189 4.061 424 2 5 481.769 70.630 368.412 39.686 17.398 154 2 4 496.286 978.055 55 85.468 364.826 31.406 4.685 390 1 7 486.783 67.599 375.004 40.538 20.088 148 5 6 503.388 990.171 56 73.992 344.700 29.240 5.072 402 4 5 453.415 60.470 354.868 37.733 21.203 131 3 2 474.410 927.825 57 66.441 335.489 28.369 5.469 342 2 4 436.116 55.599 344.059 35.665 23.910 115 3 2 459.353 895.469 58 61.417 330.956 27.178 5.778 335 0 4 425.668 52.187 337.433 34.617 26.358 110 2 4 450.711 876.379 59 55.000 323.684 25.692 6.338 307 0 5 411.026 48.280 326.264 32.991 28.983 99 1 3 436.621 847.647 60 50.749 317.265 24.550 6.933 264 3 8 399.772 45.460 317.654 30.782 31.779 87 1 4 425.767 825.539 61 45.931 303.271 22.423 7.480 273 3 4 379.385 41.428 303.360 28.880 34.198 72 1 7 407.946 787.331 62 42.902 301.276 21.770 8.074 248 1 1 374.272 39.250 298.925 27.363 37.600 78 2 1 403.219 777.491 63 39.117 296.816 20.172 8.874 212 4 2 365.197 36.379 291.077 25.660 41.352 63 1 2 394.534 759.731 64 36.120 291.635 18.753 9.590 194 4 0 356.296 34.395 284.159 23.871 44.473 56 3 5 386.962 743.258 65 33.386 286.780 17.449 10.578 184 0 1 348.378 32.308 277.054 22.522 49.273 43 4 2 381.206 729.584 66 30.244 274.653 15.667 11.171 137 1 5 331.878 29.346 260.309 20.540 51.372 42 0 1 361.610 693.488 67 28.307 268.201 14.710 12.039 144 1 2 323.404 28.078 253.389 19.111 55.467 50 0 3 356.098 679.502 68 26.628 266.666 13.584 13.029 142 0 8 320.057 26.132 248.500 18.008 61.212 43 1 3 353.899 673.956 69 25.946 274.932 13.190 14.817 132 2 4 329.023 26.432 252.101 17.799 69.082 40 2 5 365.461 694.484 70 24.387 274.828 12.370 16.341 124 2 6 328.058 25.418 247.360 16.549 76.723 26 1 5 366.082 694.140 71 24.336 282.833 11.647 18.811 124 2 5 337.758 25.835 251.403 16.151 87.638 30 0 4 381.061 718.819 72 22.413 273.185 10.855 19.960 98 1 4 326.516 24.383 236.107 15.080 94.465 22 1 3 370.061 696.577 73 21.215 267.243 9.942 21.906 100 2 3 320.411 23.436 228.032 14.260 102.920 16 0 4 368.668 689.079 74 15.532 201.279 7.129 18.562 61 0 0 242.563 18.629 166.991 10.209 87.340 12 0 1 283.182 525.745 75 15.674 201.550 6.691 20.289 70 0 3 244.277 18.728 163.520 9.671 97.668 17 0 2 289.606 533.883 76 15.038 196.333 5.936 22.006 62 0 3 239.378 18.981 157.211 9.074 105.972 8 0 0 291.246 530.624 77 14.826 188.173 5.471 23.208 69 0 3 231.750 18.696 146.603 8.503 112.780 12 2 0 286.596 518.346 78 14.417 181.309 5.055 24.960 67 0 0 225.808 18.793 137.156 7.747 121.799 9 0 4 285.508 511.316 79 14.902 190.835 4.877 29.362
popolazione_2020,This text comes from the document popolazione_2020. 1 348.378 32.308 277.054 22.522 49.273 43 4 2 381.206 729.584 66 30.244 274.653 15.667 11.171 137 1 5 331.878 29.346 260.309 20.540 51.372 42 0 1 361.610 693.488 67 28.307 268.201 14.710 12.039 144 1 2 323.404 28.078 253.389 19.111 55.467 50 0 3 356.098 679.502 68 26.628 266.666 13.584 13.029 142 0 8 320.057 26.132 248.500 18.008 61.212 43 1 3 353.899 673.956 69 25.946 274.932 13.190 14.817 132 2 4 329.023 26.432 252.101 17.799 69.082 40 2 5 365.461 694.484 70 24.387 274.828 12.370 16.341 124 2 6 328.058 25.418 247.360 16.549 76.723 26 1 5 366.082 694.140 71 24.336 282.833 11.647 18.811 124 2 5 337.758 25.835 251.403 16.151 87.638 30 0 4 381.061 718.819 72 22.413 273.185 10.855 19.960 98 1 4 326.516 24.383 236.107 15.080 94.465 22 1 3 370.061 696.577 73 21.215 267.243 9.942 21.906 100 2 3 320.411 23.436 228.032 14.260 102.920 16 0 4 368.668 689.079 74 15.532 201.279 7.129 18.562 61 0 0 242.563 18.629 166.991 10.209 87.340 12 0 1 283.182 525.745 75 15.674 201.550 6.691 20.289 70 0 3 244.277 18.728 163.520 9.671 97.668 17 0 2 289.606 533.883 76 15.038 196.333 5.936 22.006 62 0 3 239.378 18.981 157.211 9.074 105.972 8 0 0 291.246 530.624 77 14.826 188.173 5.471 23.208 69 0 3 231.750 18.696 146.603 8.503 112.780 12 2 0 286.596 518.346 78 14.417 181.309 5.055 24.960 67 0 0 225.808 18.793 137.156 7.747 121.799 9 0 4 285.508 511.316 79 14.902 190.835 4.877 29.362 42 0 2 240.020 20.245 138.371 7.655 143.542 8 0 3 309.824 549.844 80 13.645 179.206 4.058 30.577 30 0 1 227.517 19.551 123.956 6.681 148.370 6 0 3 298.567 526.084 81 12.020 162.959 3.636 31.080 25 0 0 209.720 18.628 107.525 5.957 152.038 2 0 1 284.151 493.871 82 10.374 139.685 2.881 30.141 21 1 1 183.104 17.230 87.067 4.907 146.759 2 0 1 255.966 439.070 83 8.844 119.351 2.248 28.921 13 0 3 159.380 16.042 70.460 4.182 142.867 1 1 1 233.554 392.934 84 8.285 110.879 2.031 29.853 18 0 0 151.066 15.784 60.915 3.699 148.109 2 1 1 228.511 379.577 85 7.338 94.710 1.602 29.274 20 0 1 132.945 14.941 49.005 3.060 144.299 3 0 4 211.312 344.257 86 6.213 80.353 1.275 28.109 16 0 1 115.967 14.073 38.317 2.713 137.724 1 0 2 192.830 308.797 87 5.252 65.931 971 26.412 3 1 0 98.570 13.167 29.723 2.212 129.728 1 0 5 174.836 273.406 88 4.464 55.563 774 24.934 13 0 3 85.751 12.229 23.070 1.932 122.517 2 0 2 159.752 245.503 89 3.916 46.062 651 23.933 12 0 2 74.576 11.852 17.891 1.792 118.550 0 0 0 150.085 224.661 90 2.905 33.565 453 19.615 1 0 1 56.540 10.005 11.917 1.267 98.286 3 0 2 121.480 178.020 91 2.303 24.755 345 16.979 3 0 0 44.385 8.829 8.414 1.038 85.561 5 0 1 103.848 148.233 92 1.732 18.196 251 14.422 2 0 0 34.603 7.476 5.720 827 72.747 0 0 0 86.770 121.373 93 1.281 12.303
popolazione_2020,This text comes from the document popolazione_2020. 42 0 2 240.020 20.245 138.371 7.655 143.542 8 0 3 309.824 549.844 80 13.645 179.206 4.058 30.577 30 0 1 227.517 19.551 123.956 6.681 148.370 6 0 3 298.567 526.084 81 12.020 162.959 3.636 31.080 25 0 0 209.720 18.628 107.525 5.957 152.038 2 0 1 284.151 493.871 82 10.374 139.685 2.881 30.141 21 1 1 183.104 17.230 87.067 4.907 146.759 2 0 1 255.966 439.070 83 8.844 119.351 2.248 28.921 13 0 3 159.380 16.042 70.460 4.182 142.867 1 1 1 233.554 392.934 84 8.285 110.879 2.031 29.853 18 0 0 151.066 15.784 60.915 3.699 148.109 2 1 1 228.511 379.577 85 7.338 94.710 1.602 29.274 20 0 1 132.945 14.941 49.005 3.060 144.299 3 0 4 211.312 344.257 86 6.213 80.353 1.275 28.109 16 0 1 115.967 14.073 38.317 2.713 137.724 1 0 2 192.830 308.797 87 5.252 65.931 971 26.412 3 1 0 98.570 13.167 29.723 2.212 129.728 1 0 5 174.836 273.406 88 4.464 55.563 774 24.934 13 0 3 85.751 12.229 23.070 1.932 122.517 2 0 2 159.752 245.503 89 3.916 46.062 651 23.933 12 0 2 74.576 11.852 17.891 1.792 118.550 0 0 0 150.085 224.661 90 2.905 33.565 453 19.615 1 0 1 56.540 10.005 11.917 1.267 98.286 3 0 2 121.480 178.020 91 2.303 24.755 345 16.979 3 0 0 44.385 8.829 8.414 1.038 85.561 5 0 1 103.848 148.233 92 1.732 18.196 251 14.422 2 0 0 34.603 7.476 5.720 827 72.747 0 0 0 86.770 121.373 93 1.281 12.303 162 11.646 1 0 0 25.393 6.087 3.795 637 59.369 0 0 2 69.890 95.283 94 930 8.275 112 8.892 0 0 0 18.209 4.986 2.483 523 47.246 1 0 3 55.242 73.451 95 704 5.237 80 7.148 2 0 0 13.171 4.000 1.619 379 36.480 0 0 0 42.478 55.649 96 490 3.354 59 5.408 0 0 0 9.311 2.970 1.001 246 27.919 0 0 0 32.136 41.447 97 323 2.045 29 3.726 0 0 0 6.123 2.091 618 207 20.262 0 0 1 23.179 29.302 98 230 1.237 25 2.515 0 0 0 4.007 1.584 374 125 14.470 0 0 0 16.553 20.560 99 155 723 17 1.634 0 0 0 2.529 1.005 227 71 9.589 0 0 0 10.892 13.421 100 e oltre 168 570 13 1.581 0 0 0 2.332 1.388 266 92 10.725 0 0 1 12.472 14.804 Totale 13.630.430 13.895.065 759.749 750.692 13.852 154 154 29.050.096 11.768.762 14.096.388 1.090.140 3.628.909 6.878 174 141 30.591.392 59.641.488 Risultati da 1 a 102 di 102 elementi
popolazione_2020,This text comes from the document popolazione_2020. 162 11.646 1 0 0 25.393 6.087 3.795 637 59.369 0 0 2 69.890 95.283 94 930 8.275 112 8.892 0 0 0 18.209 4.986 2.483 523 47.246 1 0 3 55.242 73.451 95 704 5.237 80 7.148 2 0 0 13.171 4.000 1.619 379 36.480 0 0 0 42.478 55.649 96 490 3.354 59 5.408 0 0 0 9.311 2.970 1.001 246 27.919 0 0 0 32.136 41.447 97 323 2.045 29 3.726 0 0 0 6.123 2.091 618 207 20.262 0 0 1 23.179 29.302 98 230 1.237 25 2.515 0 0 0 4.007 1.584 374 125 14.470 0 0 0 16.553 20.560 99 155 723 17 1.634 0 0 0 2.529 1.005 227 71 9.589 0 0 0 10.892 13.421 100 e oltre 168 570 13 1.581 0 0 0 2.332 1.388 266 92 10.725 0 0 1 12.472 14.804 Totale 13.630.430 13.895.065 759.749 750.692 13.852 154 154 29.050.096 11.768.762 14.096.388 1.090.140 3.628.909 6.878 174 141 30.591.392 59.641.488 Risultati da 1 a 102 di 102 elementi
popolazione_2021,"This text comes from the document popolazione_2021. Popolazione residente al 1° gennaio 2021 per sesso , età e stato civile ItaliaEtà Celibi Coniugati Divorziati Vedovi Uniti civilmente Maschi già in unione civile ( per scioglimento unione ) Maschi già in unione civile ( per decesso del partner ) Totale maschi Nubili Coniugate Divorziate Vedove Unite civilmente Femmine già in unione civile ( per scioglimento unione ) Femmine già in unione civile ( per decesso del partner ) Totale femmine Totale 0 208.412 0 0 0 0 0 0 208.412 196.544 0 0 0 0 0 0 196.544 404.956 1 216.969 0 0 0 0 0 0 216.969 206.300 0 0 0 0 0 0 206.300 423.269 2 228.106 0 0 0 0 0 0 228.106 215.465 0 0 0 0 0 0 215.465 443.571 3 238.741 0 0 0 0 0 0 238.741 225.498 0 0 0 0 0 0 225.498 464.239 4 246.617 0 0 0 0 0 0 246.617 233.858 0 0 0 0 0 0 233.858 480.475 5 253.592 0 0 0 0 0 0 253.592 239.726 0 0 0 0 0 0 239.726 493.318 6 257.712 0 0 0 0 0 0 257.712 243.319 0 0 0 0 0 0 243.319 501.031 7 262.489 0 0 0 0 0 0 262.489 247.948 0 0 0 0 0 0 247.948 510.437 8 273.619 0 0 0 0 0 0 273.619 258.440 0 0 0 0 0 0 258.440 532.059 9 278.649 0 0 0 0 0 0 278.649 262.846 0 0 0 0 0 0 262.846 541.495 10 287.198 0 0 0 0 0 0 287.198 269.994 0 0 0 0 0 0 269.994 557.192 11 291.582 0 0 0 0 0 0 291.582 274.675 0 0 0 0 0 0 274.675 566.257 12 294.561 0 0 0 0 0 0 294.561 278.502 0 0 0 0 0 0 278.502 573.063 13 294.772 0 0 0 0 0 0 294.772 277.231 0 0 0 0 0 0 277.231 572.003 14 295.760 0 0 0 0 0 0 295.760 277.420 0 0 0 0 0 0 277.420 573.180 15 294.449 0 0 0 0 0 0 294.449 275.666 0 0 0 0 0 0 275.666 570.115 16 296.070 11 3 1 0 0 0 296.085 278.661 27 5 2 0 0 0 278.695 574.780 17 294.136 6 6 1 0 0 0 294.149 275.489 30 4 1 0 0 0 275.524 569.673 18 292.748 18 4 4 0 0 0 292.774 273.176 202 10 1 0 0 0 273.389 566.163 19 299.268 76 12 1 1 0 0 299.358 276.027 886 9 1 1 0 0 276.924 576.282 20 309.666 259 15 5 3 1 0 309.949 280.489 2.451 17 2 0 1 0 282.960 592.909 21 307.660 763 24 18 6 0 0 308.471 274.498 4.997 51 16 11 1 0 279.574 588.045 22 311.556 1.443 31 9 13 0 0 313.052 272.381 8.239 62 11 10 2 0 280.705 593.757 23 306.742 2.536 28 15 19 1 1 309.342 269.356 12.008 102 9"
popolazione_2021,This text comes from the document popolazione_2021. 0 262.846 541.495 10 287.198 0 0 0 0 0 0 287.198 269.994 0 0 0 0 0 0 269.994 557.192 11 291.582 0 0 0 0 0 0 291.582 274.675 0 0 0 0 0 0 274.675 566.257 12 294.561 0 0 0 0 0 0 294.561 278.502 0 0 0 0 0 0 278.502 573.063 13 294.772 0 0 0 0 0 0 294.772 277.231 0 0 0 0 0 0 277.231 572.003 14 295.760 0 0 0 0 0 0 295.760 277.420 0 0 0 0 0 0 277.420 573.180 15 294.449 0 0 0 0 0 0 294.449 275.666 0 0 0 0 0 0 275.666 570.115 16 296.070 11 3 1 0 0 0 296.085 278.661 27 5 2 0 0 0 278.695 574.780 17 294.136 6 6 1 0 0 0 294.149 275.489 30 4 1 0 0 0 275.524 569.673 18 292.748 18 4 4 0 0 0 292.774 273.176 202 10 1 0 0 0 273.389 566.163 19 299.268 76 12 1 1 0 0 299.358 276.027 886 9 1 1 0 0 276.924 576.282 20 309.666 259 15 5 3 1 0 309.949 280.489 2.451 17 2 0 1 0 282.960 592.909 21 307.660 763 24 18 6 0 0 308.471 274.498 4.997 51 16 11 1 0 279.574 588.045 22 311.556 1.443 31 9 13 0 0 313.052 272.381 8.239 62 11 10 2 0 280.705 593.757 23 306.742 2.536 28 15 19 1 1 309.342 269.356 12.008 102 9 21 3 0 281.499 590.841 24 304.184 4.372 64 14 50 2 0 308.686 265.632 17.247 161 27 32 3 0 283.102 591.788 25 298.200 7.875 89 7 62 0 1 306.234 257.522 25.052 294 38 35 6 0 282.947 589.181 26 294.858 11.642 140 14 72 3 0 306.729 252.702 34.250 431 55 50 5 0 287.493 594.222 27 292.140 17.652 198 27 107 5 0 310.129 247.303 45.986 750 76 91 5 0 294.211 604.340 28 296.160 26.420 305 22 116 2 0 323.025 243.734 62.120 973 109 99 10 1 307.046 630.071 29 282.636 36.822 521 34 132 3 0 320.148 227.910 78.145 1.319 147 87 9 0 307.617 627.765 30 274.725 51.265 775 39 196 8 1 327.009 214.699 96.540 1.964 220 133 7 1 313.564 640.573 31 257.120 65.430 1.047 54 205 3 1 323.860 197.659 114.858 2.658 273 180 14 0 315.642 639.502 32 248.165 82.078 1.395 75 240 6 1 331.960 183.826 135.618 3.381 376 235 11 1 323.448 655.408 33 226.638 96.251 1.745 72 278 4 0 324.988 165.431 148.343 4.155 475 247 13 0 318.664 643.652 34 211.712 111.603 2.326 102 314 12 1 326.070 152.781 162.113 5.249 584 206 6 2 320.941 647.011 35 203.597 128.166 3.052 115 309 6 0 335.245 145.952 178.557 6.541 716 253 13 1 332.033 667.278 36 193.426 144.693 3.724 169 270 6 1 342.289 137.784 192.246 7.639 904 256 9 1 338.839 681.128 37 184.248 159.264 4.518 202 337 8 2 348.579 130.641 204.076
popolazione_2021,This text comes from the document popolazione_2021. 21 3 0 281.499 590.841 24 304.184 4.372 64 14 50 2 0 308.686 265.632 17.247 161 27 32 3 0 283.102 591.788 25 298.200 7.875 89 7 62 0 1 306.234 257.522 25.052 294 38 35 6 0 282.947 589.181 26 294.858 11.642 140 14 72 3 0 306.729 252.702 34.250 431 55 50 5 0 287.493 594.222 27 292.140 17.652 198 27 107 5 0 310.129 247.303 45.986 750 76 91 5 0 294.211 604.340 28 296.160 26.420 305 22 116 2 0 323.025 243.734 62.120 973 109 99 10 1 307.046 630.071 29 282.636 36.822 521 34 132 3 0 320.148 227.910 78.145 1.319 147 87 9 0 307.617 627.765 30 274.725 51.265 775 39 196 8 1 327.009 214.699 96.540 1.964 220 133 7 1 313.564 640.573 31 257.120 65.430 1.047 54 205 3 1 323.860 197.659 114.858 2.658 273 180 14 0 315.642 639.502 32 248.165 82.078 1.395 75 240 6 1 331.960 183.826 135.618 3.381 376 235 11 1 323.448 655.408 33 226.638 96.251 1.745 72 278 4 0 324.988 165.431 148.343 4.155 475 247 13 0 318.664 643.652 34 211.712 111.603 2.326 102 314 12 1 326.070 152.781 162.113 5.249 584 206 6 2 320.941 647.011 35 203.597 128.166 3.052 115 309 6 0 335.245 145.952 178.557 6.541 716 253 13 1 332.033 667.278 36 193.426 144.693 3.724 169 270 6 1 342.289 137.784 192.246 7.639 904 256 9 1 338.839 681.128 37 184.248 159.264 4.518 202 337 8 2 348.579 130.641 204.076 8.973 1.081 249 6 1 345.027 693.606 38 178.524 175.333 5.483 236 316 8 1 359.901 126.510 219.517 10.489 1.418 283 11 1 358.229 718.130 39 169.243 185.253 6.350 315 345 8 1 361.515 120.026 227.711 11.944 1.670 238 6 0 361.595 723.110 40 163.996 200.012 7.504 363 330 8 2 372.215 114.782 238.454 13.761 1.964 230 10 1 369.202 741.417 41 159.399 212.364 8.888 457 392 11 3 381.514 112.489 251.940 15.772 2.363 252 8 0 382.824 764.338 42 161.620 229.089 10.576 613 356 6 5 402.265 113.207 267.868 18.431 2.905 243 9 1 402.664 804.929 43 158.274 242.397 12.160 693 429 11 3 413.967 111.401 281.378 20.611 3.425 262 9 2 417.088 831.055 44 157.398 258.642 14.256 843 393 6 3 431.541 110.765 297.113 23.087 4.068 246 10 1 435.290 866.831 45 156.836 276.950 16.421 1.087 475 8 2 451.779 110.243 314.549 26.409 4.808 286 6 0 456.301 908.080 46 155.373 293.662 18.677 1.249 500 10 6 469.477 109.002 330.726 28.810 5.841 263 7 4 474.653 944.130 47 144.635 298.285 20.311 1.469 467 7 2 465.176 102.877 332.385 30.785 6.505 280 4 1 472.837 938.013 48 138.111 308.233 21.823 1.733 451 7 3 470.361 97.314 338.393 32.925 7.516 235 3 0 476.386 946.747 49 130.485 315.732 23.978 1.978 475 9 7 472.664 92.766 346.320 34.867 8.675 227 9 3 482.867 955.531 50 120.384 320.081 24.960 2.260 473 6 7 468.171 86.591 345.238 36.296 9.730 218 8 1 478.082 946.253 51 114.965 333.917 27.496 2.592 452 4 3 479.429
popolazione_2021,This text comes from the document popolazione_2021. 8.973 1.081 249 6 1 345.027 693.606 38 178.524 175.333 5.483 236 316 8 1 359.901 126.510 219.517 10.489 1.418 283 11 1 358.229 718.130 39 169.243 185.253 6.350 315 345 8 1 361.515 120.026 227.711 11.944 1.670 238 6 0 361.595 723.110 40 163.996 200.012 7.504 363 330 8 2 372.215 114.782 238.454 13.761 1.964 230 10 1 369.202 741.417 41 159.399 212.364 8.888 457 392 11 3 381.514 112.489 251.940 15.772 2.363 252 8 0 382.824 764.338 42 161.620 229.089 10.576 613 356 6 5 402.265 113.207 267.868 18.431 2.905 243 9 1 402.664 804.929 43 158.274 242.397 12.160 693 429 11 3 413.967 111.401 281.378 20.611 3.425 262 9 2 417.088 831.055 44 157.398 258.642 14.256 843 393 6 3 431.541 110.765 297.113 23.087 4.068 246 10 1 435.290 866.831 45 156.836 276.950 16.421 1.087 475 8 2 451.779 110.243 314.549 26.409 4.808 286 6 0 456.301 908.080 46 155.373 293.662 18.677 1.249 500 10 6 469.477 109.002 330.726 28.810 5.841 263 7 4 474.653 944.130 47 144.635 298.285 20.311 1.469 467 7 2 465.176 102.877 332.385 30.785 6.505 280 4 1 472.837 938.013 48 138.111 308.233 21.823 1.733 451 7 3 470.361 97.314 338.393 32.925 7.516 235 3 0 476.386 946.747 49 130.485 315.732 23.978 1.978 475 9 7 472.664 92.766 346.320 34.867 8.675 227 9 3 482.867 955.531 50 120.384 320.081 24.960 2.260 473 6 7 468.171 86.591 345.238 36.296 9.730 218 8 1 478.082 946.253 51 114.965 333.917 27.496 2.592 452 4 3 479.429 84.112 357.485 37.906 11.449 191 7 1 491.151 970.580 52 107.028 336.515 27.627 3.001 476 10 2 474.659 79.252 356.236 38.762 13.139 195 8 3 487.595 962.254 53 100.235 341.742 29.189 3.380 459 3 7 475.015 75.944 360.012 39.607 14.832 192 4 6 490.597 965.612 54 95.257 349.501 30.444 4.081 478 5 1 479.767 72.357 363.958 40.148 16.584 156 3 3 493.209 972.976 55 87.733 353.531 31.361 4.479 480 2 6 477.592 68.684 364.065 40.499 18.920 172 3 4 492.347 969.939 56 82.184 362.391 32.175 5.101 440 2 7 482.300 65.542 370.204 41.268 21.772 167 5 6 498.964 981.264 57 71.211 341.887 30.130 5.506 434 7 8 449.183 58.565 350.260 38.231 23.072 148 2 2 470.280 919.463 58 63.734 332.577 28.844 5.908 380 4 5 431.452 53.913 339.092 35.880 25.894 120 4 2 454.905 886.357 59 58.739 327.576 27.612 6.265 383 0 6 420.581 50.636 332.148 34.882 28.572 117 2 4 446.361 866.942 60 52.505 320.241 25.925 6.922 334 1 6 405.934 46.731 320.776 33.121 31.455 113 2 2 432.200 838.134 61 48.416 313.385 24.680 7.515 288 3 9 394.296 43.972 311.873 30.739 34.371 94 1 4 421.054 815.350 62 43.701 299.271 22.460 8.081 302 4 5 373.824 39.889 297.336 28.723 36.930 78 1 6 402.963 776.787 63 40.631 296.858 21.708 8.625 266 2 1 368.091 37.883 292.827 27.177 40.593 87 1 2 398.570 766.661 64 37.073 292.182 20.066 9.511 223 4 5 359.064 34.992 285.245 25.371 44.424 66 0 2 390.100 749.164 65 34.239 286.892 18.581 10.269 214 3
popolazione_2021,This text comes from the document popolazione_2021. 84.112 357.485 37.906 11.449 191 7 1 491.151 970.580 52 107.028 336.515 27.627 3.001 476 10 2 474.659 79.252 356.236 38.762 13.139 195 8 3 487.595 962.254 53 100.235 341.742 29.189 3.380 459 3 7 475.015 75.944 360.012 39.607 14.832 192 4 6 490.597 965.612 54 95.257 349.501 30.444 4.081 478 5 1 479.767 72.357 363.958 40.148 16.584 156 3 3 493.209 972.976 55 87.733 353.531 31.361 4.479 480 2 6 477.592 68.684 364.065 40.499 18.920 172 3 4 492.347 969.939 56 82.184 362.391 32.175 5.101 440 2 7 482.300 65.542 370.204 41.268 21.772 167 5 6 498.964 981.264 57 71.211 341.887 30.130 5.506 434 7 8 449.183 58.565 350.260 38.231 23.072 148 2 2 470.280 919.463 58 63.734 332.577 28.844 5.908 380 4 5 431.452 53.913 339.092 35.880 25.894 120 4 2 454.905 886.357 59 58.739 327.576 27.612 6.265 383 0 6 420.581 50.636 332.148 34.882 28.572 117 2 4 446.361 866.942 60 52.505 320.241 25.925 6.922 334 1 6 405.934 46.731 320.776 33.121 31.455 113 2 2 432.200 838.134 61 48.416 313.385 24.680 7.515 288 3 9 394.296 43.972 311.873 30.739 34.371 94 1 4 421.054 815.350 62 43.701 299.271 22.460 8.081 302 4 5 373.824 39.889 297.336 28.723 36.930 78 1 6 402.963 776.787 63 40.631 296.858 21.708 8.625 266 2 1 368.091 37.883 292.827 27.177 40.593 87 1 2 398.570 766.661 64 37.073 292.182 20.066 9.511 223 4 5 359.064 34.992 285.245 25.371 44.424 66 0 2 390.100 749.164 65 34.239 286.892 18.581 10.269 214 3 2 350.200 33.050 278.019 23.589 48.006 60 3 5 382.732 732.932 66 31.599 281.842 17.244 11.292 198 0 3 342.178 31.043 270.711 22.248 52.885 52 4 3 376.946 719.124 67 28.597 269.286 15.424 11.945 152 1 6 325.411 28.180 253.826 20.194 54.947 48 0 1 357.196 682.607 68 27.256 264.271 14.699 12.972 158 1 4 319.361 27.337 247.130 19.054 59.692 54 0 3 353.270 672.631 69 25.658 262.416 13.568 13.994 153 0 9 315.798 25.525 241.870 18.023 65.771 48 1 3 351.241 667.039 70 24.934 270.033 13.135 15.885 138 3 6 324.134 25.796 244.703 17.734 74.107 45 2 5 362.392 686.526 71 23.260 269.332 12.170 17.532 133 2 7 322.436 24.727 239.313 16.389 82.067 31 1 5 362.533 684.969 72 23.205 276.335 11.485 20.093 131 2 4 331.255 25.139 241.954 16.017 93.944 33 1 4 377.092 708.347 73 21.234 265.865 10.662 21.389 110 1 4 319.265 23.727 226.337 14.885 100.795 23 1 4 365.772 685.037 74 20.037 259.106 9.723 23.443 105 2 4 312.420 22.806 217.374 14.097 109.572 20 0 3 363.872 676.292 75 14.621 194.398 6.936 19.625 68 0 0 235.648 18.041 158.298 10.001 92.407 12 0 1 278.760 514.408 76 14.716 193.807 6.441 21.413 70 0 3 236.450 18.110 153.924 9.463 103.038 16 0 2 284.553 521.003 77 14.044 187.716 5.685 23.107 61 0 2 230.615 18.347 146.945 8.852 111.180 9 0 0 285.333 515.948 78 13.755 178.804 5.211 24.369 73 0 3 222.215 17.980 135.781 8.284 117.910 13 2 2 279.972 502.187 79 13.266 171.515 4.757 26.104
popolazione_2021,This text comes from the document popolazione_2021. 2 350.200 33.050 278.019 23.589 48.006 60 3 5 382.732 732.932 66 31.599 281.842 17.244 11.292 198 0 3 342.178 31.043 270.711 22.248 52.885 52 4 3 376.946 719.124 67 28.597 269.286 15.424 11.945 152 1 6 325.411 28.180 253.826 20.194 54.947 48 0 1 357.196 682.607 68 27.256 264.271 14.699 12.972 158 1 4 319.361 27.337 247.130 19.054 59.692 54 0 3 353.270 672.631 69 25.658 262.416 13.568 13.994 153 0 9 315.798 25.525 241.870 18.023 65.771 48 1 3 351.241 667.039 70 24.934 270.033 13.135 15.885 138 3 6 324.134 25.796 244.703 17.734 74.107 45 2 5 362.392 686.526 71 23.260 269.332 12.170 17.532 133 2 7 322.436 24.727 239.313 16.389 82.067 31 1 5 362.533 684.969 72 23.205 276.335 11.485 20.093 131 2 4 331.255 25.139 241.954 16.017 93.944 33 1 4 377.092 708.347 73 21.234 265.865 10.662 21.389 110 1 4 319.265 23.727 226.337 14.885 100.795 23 1 4 365.772 685.037 74 20.037 259.106 9.723 23.443 105 2 4 312.420 22.806 217.374 14.097 109.572 20 0 3 363.872 676.292 75 14.621 194.398 6.936 19.625 68 0 0 235.648 18.041 158.298 10.001 92.407 12 0 1 278.760 514.408 76 14.716 193.807 6.441 21.413 70 0 3 236.450 18.110 153.924 9.463 103.038 16 0 2 284.553 521.003 77 14.044 187.716 5.685 23.107 61 0 2 230.615 18.347 146.945 8.852 111.180 9 0 0 285.333 515.948 78 13.755 178.804 5.211 24.369 73 0 3 222.215 17.980 135.781 8.284 117.910 13 2 2 279.972 502.187 79 13.266 171.515 4.757 26.104 62 0 2 215.706 18.001 125.879 7.521 126.544 9 0 4 277.958 493.664 80 13.642 178.843 4.560 30.412 44 0 2 227.503 19.298 125.386 7.330 148.229 11 0 3 300.257 527.760 81 12.399 166.935 3.752 31.441 30 0 3 214.560 18.545 111.180 6.386 151.977 7 0 3 288.098 502.658 82 10.760 150.142 3.326 31.728 25 0 1 195.982 17.629 94.931 5.661 154.356 2 0 0 272.579 468.561 83 9.164 127.026 2.645 30.462 22 1 1 169.321 16.115 75.605 4.618 147.360 2 0 1 243.701 413.022 84 7.749 107.018 2.023 28.945 14 0 3 145.752 14.879 60.081 3.878 141.369 2 0 1 220.210 365.962 85 7.175 97.748 1.827 29.548 14 0 3 136.315 14.514 50.921 3.385 144.716 2 1 1 213.540 349.855 86 6.229 82.229 1.389 28.489 19 0 1 118.356 13.550 40.128 2.817 138.762 3 0 1 195.261 313.617 87 5.180 68.523 1.110 26.828 15 0 1 101.657 12.614 30.727 2.429 129.999 1 0 2 175.772 277.429 88 4.298 54.809 830 24.777 3 1 0 84.718 11.578 23.279 1.958 120.449 0 0 3 157.267 241.985 89 3.539 45.044 629 22.941 11 0 3 72.167 10.637 17.498 1.664 111.247 2 0 1 141.049 213.216 90 3.022 36.504 540 21.279 11 0 3 61.359 10.096 13.268 1.524 105.245 0 0 0 130.133 191.492 91 2.215 25.791 351 17.103 1 0 1 45.462 8.307 8.414 1.073 85.227 1 0 2 103.024 148.486 92 1.666 18.372 265 14.219 3 0 0 34.525 7.122 5.911 851 71.772 4 0 0 85.660 120.185 93 1.248 13.045
popolazione_2021,This text comes from the document popolazione_2021. 62 0 2 215.706 18.001 125.879 7.521 126.544 9 0 4 277.958 493.664 80 13.642 178.843 4.560 30.412 44 0 2 227.503 19.298 125.386 7.330 148.229 11 0 3 300.257 527.760 81 12.399 166.935 3.752 31.441 30 0 3 214.560 18.545 111.180 6.386 151.977 7 0 3 288.098 502.658 82 10.760 150.142 3.326 31.728 25 0 1 195.982 17.629 94.931 5.661 154.356 2 0 0 272.579 468.561 83 9.164 127.026 2.645 30.462 22 1 1 169.321 16.115 75.605 4.618 147.360 2 0 1 243.701 413.022 84 7.749 107.018 2.023 28.945 14 0 3 145.752 14.879 60.081 3.878 141.369 2 0 1 220.210 365.962 85 7.175 97.748 1.827 29.548 14 0 3 136.315 14.514 50.921 3.385 144.716 2 1 1 213.540 349.855 86 6.229 82.229 1.389 28.489 19 0 1 118.356 13.550 40.128 2.817 138.762 3 0 1 195.261 313.617 87 5.180 68.523 1.110 26.828 15 0 1 101.657 12.614 30.727 2.429 129.999 1 0 2 175.772 277.429 88 4.298 54.809 830 24.777 3 1 0 84.718 11.578 23.279 1.958 120.449 0 0 3 157.267 241.985 89 3.539 45.044 629 22.941 11 0 3 72.167 10.637 17.498 1.664 111.247 2 0 1 141.049 213.216 90 3.022 36.504 540 21.279 11 0 3 61.359 10.096 13.268 1.524 105.245 0 0 0 130.133 191.492 91 2.215 25.791 351 17.103 1 0 1 45.462 8.307 8.414 1.073 85.227 1 0 2 103.024 148.486 92 1.666 18.372 265 14.219 3 0 0 34.525 7.122 5.911 851 71.772 4 0 0 85.660 120.185 93 1.248 13.045 180 11.804 1 0 0 26.278 5.933 3.793 679 59.599 0 0 0 70.004 96.282 94 873 8.377 118 9.202 0 0 0 18.570 4.687 2.439 497 47.019 0 0 1 54.643 73.213 95 630 5.482 73 6.728 0 0 0 12.913 3.705 1.602 385 36.255 0 0 0 41.947 54.860 96 465 3.338 55 5.206 2 0 0 9.066 2.884 1.008 281 27.054 0 0 0 31.227 40.293 97 286 2.059 34 3.788 0 0 0 6.167 2.075 602 177 19.995 0 0 0 22.849 29.016 98 204 1.225 20 2.549 0 0 0 3.998 1.448 415 145 14.107 0 0 0 16.115 20.113 99 134 704 15 1.673 0 0 0 2.526 1.079 229 91 9.710 0 0 0 11.109 13.635 100 e oltre 185 762 21 1.879 0 0 0 2.847 1.484 306 94 12.446 0 0 0 14.330 17.177 Totale 13.628.057 13.691.846 780.610 749.696 15.568 243 206 28.866.226 11.783.518 13.866.887 1.113.523 3.597.777 7.865 283 134 30.369.987 59.236.213
popolazione_2021,This text comes from the document popolazione_2021. 180 11.804 1 0 0 26.278 5.933 3.793 679 59.599 0 0 0 70.004 96.282 94 873 8.377 118 9.202 0 0 0 18.570 4.687 2.439 497 47.019 0 0 1 54.643 73.213 95 630 5.482 73 6.728 0 0 0 12.913 3.705 1.602 385 36.255 0 0 0 41.947 54.860 96 465 3.338 55 5.206 2 0 0 9.066 2.884 1.008 281 27.054 0 0 0 31.227 40.293 97 286 2.059 34 3.788 0 0 0 6.167 2.075 602 177 19.995 0 0 0 22.849 29.016 98 204 1.225 20 2.549 0 0 0 3.998 1.448 415 145 14.107 0 0 0 16.115 20.113 99 134 704 15 1.673 0 0 0 2.526 1.079 229 91 9.710 0 0 0 11.109 13.635 100 e oltre 185 762 21 1.879 0 0 0 2.847 1.484 306 94 12.446 0 0 0 14.330 17.177 Totale 13.628.057 13.691.846 780.610 749.696 15.568 243 206 28.866.226 11.783.518 13.866.887 1.113.523 3.597.777 7.865 283 134 30.369.987 59.236.213
popolazione_2022,"This text comes from the document popolazione_2022. Popolazione residente al 1° gennaio 2022 per sesso , età e stato civile ItaliaEtà Celibi Coniugati Divorziati Vedovi Uniti civilmente Maschi già in unione civile ( per scioglimento unione ) Maschi già in unione civile ( per decesso del partner ) Totale maschi Nubili Coniugate Divorziate Vedove Unite civilmente Femmine già in unione civile ( per scioglimento unione ) Femmine già in unione civile ( per decesso del partner ) Totale femmine Totale 0 205.371 0 0 0 0 0 0 205.371 195.255 0 0 0 0 0 0 195.255 400.626 1 209.824 0 0 0 0 0 0 209.824 197.810 0 0 0 0 0 0 197.810 407.634 2 217.987 0 0 0 0 0 0 217.987 207.196 0 0 0 0 0 0 207.196 425.183 3 228.694 0 0 0 0 0 0 228.694 215.944 0 0 0 0 0 0 215.944 444.638 4 239.183 0 0 0 0 0 0 239.183 225.570 0 0 0 0 0 0 225.570 464.753 5 245.640 0 0 0 0 0 0 245.640 233.044 0 0 0 0 0 0 233.044 478.684 6 252.296 0 0 0 0 0 0 252.296 238.523 0 0 0 0 0 0 238.523 490.819 7 260.055 0 0 0 0 0 0 260.055 245.536 0 0 0 0 0 0 245.536 505.591 8 263.845 0 0 0 0 0 0 263.845 249.119 0 0 0 0 0 0 249.119 512.964 9 275.299 0 0 0 0 0 0 275.299 259.960 0 0 0 0 0 0 259.960 535.259 10 280.091 0 0 0 0 0 0 280.091 264.218 0 0 0 0 0 0 264.218 544.309 11 288.645 0 0 0 0 0 0 288.645 271.368 0 0 0 0 0 0 271.368 560.013 12 292.919 0 0 0 0 0 0 292.919 275.957 0 0 0 0 0 0 275.957 568.876 13 295.957 0 0 0 0 0 0 295.957 279.801 0 0 0 0 0 0 279.801 575.758 14 296.180 0 0 0 0 0 0 296.180 278.508 0 0 0 0 0 0 278.508 574.688 15 297.220 0 0 0 0 0 0 297.220 278.674 0 0 0 0 0 0 278.674 575.894 16 295.953 4 3 3 0 0 0 295.963 276.827 13 4 1 0 0 0 276.845 572.808 17 299.464 10 4 0 0 0 0 299.478 280.915 19 5 0 0 0 0 280.939 580.417 18 295.135 13 8 1 1 0 0 295.158 274.391 155 4 0 0 0 0 274.550 569.708 19 294.146 64 5 2 1 0 0 294.218 272.368 693 10 0 1 0 0 273.072 567.290 20 299.273 199 9 1 1 0 0 299.483 274.204 1.935 10 1 3 0 0 276.153 575.636 21 307.424 543 16 4 7 1 0 307.995 276.324 4.142 30 2 9 1 0 280.508 588.503 22 305.282 1.247 29 14 13 0 0 306.585 270.239 6.583 72 13 14 2 0 276.923 583.508 23 308.492 2.314 38 6 20 1 0 310.871 267.351 10.421 103 14"
popolazione_2022,This text comes from the document popolazione_2022. 0 259.960 535.259 10 280.091 0 0 0 0 0 0 280.091 264.218 0 0 0 0 0 0 264.218 544.309 11 288.645 0 0 0 0 0 0 288.645 271.368 0 0 0 0 0 0 271.368 560.013 12 292.919 0 0 0 0 0 0 292.919 275.957 0 0 0 0 0 0 275.957 568.876 13 295.957 0 0 0 0 0 0 295.957 279.801 0 0 0 0 0 0 279.801 575.758 14 296.180 0 0 0 0 0 0 296.180 278.508 0 0 0 0 0 0 278.508 574.688 15 297.220 0 0 0 0 0 0 297.220 278.674 0 0 0 0 0 0 278.674 575.894 16 295.953 4 3 3 0 0 0 295.963 276.827 13 4 1 0 0 0 276.845 572.808 17 299.464 10 4 0 0 0 0 299.478 280.915 19 5 0 0 0 0 280.939 580.417 18 295.135 13 8 1 1 0 0 295.158 274.391 155 4 0 0 0 0 274.550 569.708 19 294.146 64 5 2 1 0 0 294.218 272.368 693 10 0 1 0 0 273.072 567.290 20 299.273 199 9 1 1 0 0 299.483 274.204 1.935 10 1 3 0 0 276.153 575.636 21 307.424 543 16 4 7 1 0 307.995 276.324 4.142 30 2 9 1 0 280.508 588.503 22 305.282 1.247 29 14 13 0 0 306.585 270.239 6.583 72 13 14 2 0 276.923 583.508 23 308.492 2.314 38 6 20 1 0 310.871 267.351 10.421 103 14 13 2 0 277.904 588.775 24 303.471 3.891 43 11 31 2 1 307.450 263.969 15.306 146 9 37 2 0 279.469 586.919 25 300.427 6.635 95 12 54 3 0 307.226 259.105 21.872 265 31 42 7 0 281.322 588.548 26 293.971 10.628 134 10 73 1 1 304.818 250.444 30.672 408 39 59 7 0 281.629 586.447 27 289.845 15.887 209 14 96 5 0 306.056 244.087 41.887 616 70 74 10 0 286.744 592.800 28 285.712 23.620 291 25 126 7 0 309.781 237.122 55.620 941 87 131 8 0 293.909 603.690 29 287.845 34.217 486 25 159 5 0 322.737 232.200 73.337 1.286 144 142 14 0 307.123 629.860 30 272.815 46.730 697 39 176 5 0 320.462 215.651 90.082 1.730 171 161 10 0 307.805 628.267 31 264.754 61.327 1.011 42 235 15 1 327.385 203.222 107.894 2.421 249 203 13 1 314.003 641.388 32 246.961 75.890 1.336 57 247 9 1 324.501 187.092 125.017 3.219 336 231 21 0 315.916 640.417 33 237.931 93.030 1.802 88 292 10 1 333.154 174.531 144.308 4.093 461 303 13 0 323.709 656.863 34 217.131 106.158 2.217 80 322 15 0 325.923 157.697 155.369 4.829 555 323 18 0 318.791 644.714 35 203.123 120.799 2.784 132 360 14 2 327.214 146.134 167.891 6.102 685 266 16 2 321.096 648.310 36 196.261 136.091 3.666 128 372 8 0 336.526 140.652 182.927 7.435 849 327 15 1 332.206 668.732 37 186.911 151.339 4.410 205 310 7 1 343.183 133.526 195.409
popolazione_2022,This text comes from the document popolazione_2022. 13 2 0 277.904 588.775 24 303.471 3.891 43 11 31 2 1 307.450 263.969 15.306 146 9 37 2 0 279.469 586.919 25 300.427 6.635 95 12 54 3 0 307.226 259.105 21.872 265 31 42 7 0 281.322 588.548 26 293.971 10.628 134 10 73 1 1 304.818 250.444 30.672 408 39 59 7 0 281.629 586.447 27 289.845 15.887 209 14 96 5 0 306.056 244.087 41.887 616 70 74 10 0 286.744 592.800 28 285.712 23.620 291 25 126 7 0 309.781 237.122 55.620 941 87 131 8 0 293.909 603.690 29 287.845 34.217 486 25 159 5 0 322.737 232.200 73.337 1.286 144 142 14 0 307.123 629.860 30 272.815 46.730 697 39 176 5 0 320.462 215.651 90.082 1.730 171 161 10 0 307.805 628.267 31 264.754 61.327 1.011 42 235 15 1 327.385 203.222 107.894 2.421 249 203 13 1 314.003 641.388 32 246.961 75.890 1.336 57 247 9 1 324.501 187.092 125.017 3.219 336 231 21 0 315.916 640.417 33 237.931 93.030 1.802 88 292 10 1 333.154 174.531 144.308 4.093 461 303 13 0 323.709 656.863 34 217.131 106.158 2.217 80 322 15 0 325.923 157.697 155.369 4.829 555 323 18 0 318.791 644.714 35 203.123 120.799 2.784 132 360 14 2 327.214 146.134 167.891 6.102 685 266 16 2 321.096 648.310 36 196.261 136.091 3.666 128 372 8 0 336.526 140.652 182.927 7.435 849 327 15 1 332.206 668.732 37 186.911 151.339 4.410 205 310 7 1 343.183 133.526 195.409 8.728 1.002 307 19 1 338.992 682.175 38 178.762 164.875 5.257 240 399 13 2 349.548 127.056 206.481 10.056 1.206 296 10 0 345.105 694.653 39 173.773 180.280 6.314 262 372 16 1 361.018 123.469 220.884 11.660 1.623 329 18 1 357.984 719.002 40 164.860 189.297 7.331 353 381 16 3 362.241 117.541 228.230 13.268 1.865 292 11 0 361.207 723.448 41 160.609 203.081 8.437 413 373 13 2 372.928 112.709 238.639 15.153 2.225 274 15 1 369.016 741.944 42 156.773 214.669 9.994 542 446 15 2 382.441 110.663 251.838 17.177 2.663 290 13 0 382.644 765.085 43 159.084 231.038 11.817 691 401 9 5 403.045 111.746 267.270 19.967 3.249 275 13 0 402.520 805.565 44 156.311 243.747 13.520 771 488 15 3 414.855 110.088 280.649 22.331 3.796 312 10 1 417.187 832.042 45 155.741 259.813 15.749 943 445 10 5 432.706 109.532 295.995 24.870 4.549 268 14 1 435.229 867.935 46 155.541 277.360 18.096 1.242 548 8 5 452.800 109.168 313.230 28.325 5.300 317 7 0 456.347 909.147 47 154.180 294.015 20.357 1.425 574 11 5 470.567 107.940 329.109 30.840 6.431 307 10 4 474.641 945.208 48 143.787 298.394 22.096 1.635 511 9 3 466.435 102.125 330.689 32.791 7.154 307 9 0 473.075 939.510 49 137.360 307.640 23.867 1.965 511 9 3 471.355 96.538 336.705 34.954 8.250 263 5 0 476.715 948.070 50 129.464 315.618 25.802 2.207 536 12 7 473.646 91.997 344.380 36.983 9.551 248 10 2 483.171 956.817 51 119.867 319.546 26.811 2.530 530 7 9 469.300
popolazione_2022,This text comes from the document popolazione_2022. 8.728 1.002 307 19 1 338.992 682.175 38 178.762 164.875 5.257 240 399 13 2 349.548 127.056 206.481 10.056 1.206 296 10 0 345.105 694.653 39 173.773 180.280 6.314 262 372 16 1 361.018 123.469 220.884 11.660 1.623 329 18 1 357.984 719.002 40 164.860 189.297 7.331 353 381 16 3 362.241 117.541 228.230 13.268 1.865 292 11 0 361.207 723.448 41 160.609 203.081 8.437 413 373 13 2 372.928 112.709 238.639 15.153 2.225 274 15 1 369.016 741.944 42 156.773 214.669 9.994 542 446 15 2 382.441 110.663 251.838 17.177 2.663 290 13 0 382.644 765.085 43 159.084 231.038 11.817 691 401 9 5 403.045 111.746 267.270 19.967 3.249 275 13 0 402.520 805.565 44 156.311 243.747 13.520 771 488 15 3 414.855 110.088 280.649 22.331 3.796 312 10 1 417.187 832.042 45 155.741 259.813 15.749 943 445 10 5 432.706 109.532 295.995 24.870 4.549 268 14 1 435.229 867.935 46 155.541 277.360 18.096 1.242 548 8 5 452.800 109.168 313.230 28.325 5.300 317 7 0 456.347 909.147 47 154.180 294.015 20.357 1.425 574 11 5 470.567 107.940 329.109 30.840 6.431 307 10 4 474.641 945.208 48 143.787 298.394 22.096 1.635 511 9 3 466.435 102.125 330.689 32.791 7.154 307 9 0 473.075 939.510 49 137.360 307.640 23.867 1.965 511 9 3 471.355 96.538 336.705 34.954 8.250 263 5 0 476.715 948.070 50 129.464 315.618 25.802 2.207 536 12 7 473.646 91.997 344.380 36.983 9.551 248 10 2 483.171 956.817 51 119.867 319.546 26.811 2.530 530 7 9 469.300 85.924 343.127 38.345 10.759 243 8 1 478.407 947.707 52 114.549 333.083 29.489 2.891 517 6 5 480.540 83.560 355.219 40.007 12.545 217 5 0 491.553 972.093 53 106.752 335.624 29.524 3.323 539 10 3 475.775 78.708 354.058 40.575 14.386 214 10 1 487.952 963.727 54 100.139 340.441 31.149 3.752 505 5 9 476.000 75.482 357.585 41.455 16.152 211 4 4 490.893 966.893 55 95.093 348.712 32.196 4.523 540 4 1 481.069 71.921 361.649 41.901 18.156 176 4 1 493.808 974.877 56 87.493 352.554 33.152 4.922 533 5 3 478.662 68.346 361.510 42.093 20.629 183 4 3 492.768 971.430 57 82.065 361.286 33.792 5.672 477 2 6 483.300 65.124 367.357 42.871 23.795 170 4 4 499.325 982.625 58 70.857 340.817 31.615 6.035 470 6 9 449.809 58.099 347.340 39.518 25.052 163 2 2 470.176 919.985 59 63.362 331.427 30.134 6.445 422 5 6 431.801 53.395 335.786 36.991 28.114 125 3 3 454.417 886.218 60 58.253 326.403 28.645 6.887 408 1 8 420.605 49.966 328.665 35.731 30.957 126 2 3 445.450 866.055 61 52.214 318.780 26.935 7.532 357 3 6 405.827 46.070 316.724 33.826 34.083 120 3 2 430.828 836.655 62 47.997 311.838 25.455 8.235 319 3 8 393.855 43.203 307.458 31.422 37.128 100 2 2 419.315 813.170 63 43.304 297.575 23.171 8.767 318 4 5 373.144 39.171 292.552 29.201 39.854 88 1 6 400.873 774.017 64 40.188 294.835 22.322 9.458 278 2 3 367.086 37.159 287.739 27.603 43.694 104 1 1 396.301 763.387 65 36.574 289.926 20.539 10.386 237 2
popolazione_2022,This text comes from the document popolazione_2022. 85.924 343.127 38.345 10.759 243 8 1 478.407 947.707 52 114.549 333.083 29.489 2.891 517 6 5 480.540 83.560 355.219 40.007 12.545 217 5 0 491.553 972.093 53 106.752 335.624 29.524 3.323 539 10 3 475.775 78.708 354.058 40.575 14.386 214 10 1 487.952 963.727 54 100.139 340.441 31.149 3.752 505 5 9 476.000 75.482 357.585 41.455 16.152 211 4 4 490.893 966.893 55 95.093 348.712 32.196 4.523 540 4 1 481.069 71.921 361.649 41.901 18.156 176 4 1 493.808 974.877 56 87.493 352.554 33.152 4.922 533 5 3 478.662 68.346 361.510 42.093 20.629 183 4 3 492.768 971.430 57 82.065 361.286 33.792 5.672 477 2 6 483.300 65.124 367.357 42.871 23.795 170 4 4 499.325 982.625 58 70.857 340.817 31.615 6.035 470 6 9 449.809 58.099 347.340 39.518 25.052 163 2 2 470.176 919.985 59 63.362 331.427 30.134 6.445 422 5 6 431.801 53.395 335.786 36.991 28.114 125 3 3 454.417 886.218 60 58.253 326.403 28.645 6.887 408 1 8 420.605 49.966 328.665 35.731 30.957 126 2 3 445.450 866.055 61 52.214 318.780 26.935 7.532 357 3 6 405.827 46.070 316.724 33.826 34.083 120 3 2 430.828 836.655 62 47.997 311.838 25.455 8.235 319 3 8 393.855 43.203 307.458 31.422 37.128 100 2 2 419.315 813.170 63 43.304 297.575 23.171 8.767 318 4 5 373.144 39.171 292.552 29.201 39.854 88 1 6 400.873 774.017 64 40.188 294.835 22.322 9.458 278 2 3 367.086 37.159 287.739 27.603 43.694 104 1 1 396.301 763.387 65 36.574 289.926 20.539 10.386 237 2 10 357.674 34.290 279.558 25.724 47.857 72 0 2 387.503 745.177 66 33.742 284.200 18.999 11.133 222 6 3 348.305 32.338 271.962 23.955 51.639 61 2 3 379.960 728.265 67 31.051 278.626 17.622 12.277 199 1 4 339.780 30.198 263.823 22.544 56.727 55 4 3 373.354 713.134 68 28.198 266.114 15.845 12.975 169 0 6 323.307 27.849 247.068 20.572 59.036 44 0 1 354.570 677.877 69 26.376 259.009 14.691 13.889 175 2 4 314.146 26.546 239.483 19.075 63.682 53 1 3 348.843 662.989 70 24.785 256.584 13.456 15.009 155 1 9 309.999 24.777 233.845 17.945 69.892 48 1 3 346.511 656.510 71 23.948 263.533 13.020 17.048 146 3 6 317.704 24.995 235.776 17.644 78.863 46 1 3 357.328 675.032 72 22.319 262.177 12.054 18.717 138 1 10 315.416 23.992 229.549 16.278 87.292 29 0 0 357.140 672.556 73 22.197 268.236 11.356 21.381 139 0 4 323.313 24.341 231.244 15.904 99.576 37 1 1 371.104 694.417 74 20.281 257.272 10.445 22.730 119 2 4 310.853 22.995 215.240 14.725 106.566 23 0 2 359.551 670.404 75 19.070 249.673 9.481 24.952 110 1 4 303.291 21.997 205.661 13.885 115.381 23 0 1 356.948 660.239 76 13.825 186.252 6.724 20.739 76 0 0 227.616 17.412 148.813 9.840 96.814 15 0 0 272.894 500.510 77 13.859 185.095 6.238 22.504 67 0 4 227.767 17.447 143.722 9.251 107.618 16 0 2 278.056 505.823 78 13.145 178.224 5.439 24.149 66 1 1 221.025 17.600 136.209 8.664 115.592 10 0 0 278.075 499.100 79 12.793 168.688 5.036 25.399
popolazione_2022,This text comes from the document popolazione_2022. 10 357.674 34.290 279.558 25.724 47.857 72 0 2 387.503 745.177 66 33.742 284.200 18.999 11.133 222 6 3 348.305 32.338 271.962 23.955 51.639 61 2 3 379.960 728.265 67 31.051 278.626 17.622 12.277 199 1 4 339.780 30.198 263.823 22.544 56.727 55 4 3 373.354 713.134 68 28.198 266.114 15.845 12.975 169 0 6 323.307 27.849 247.068 20.572 59.036 44 0 1 354.570 677.877 69 26.376 259.009 14.691 13.889 175 2 4 314.146 26.546 239.483 19.075 63.682 53 1 3 348.843 662.989 70 24.785 256.584 13.456 15.009 155 1 9 309.999 24.777 233.845 17.945 69.892 48 1 3 346.511 656.510 71 23.948 263.533 13.020 17.048 146 3 6 317.704 24.995 235.776 17.644 78.863 46 1 3 357.328 675.032 72 22.319 262.177 12.054 18.717 138 1 10 315.416 23.992 229.549 16.278 87.292 29 0 0 357.140 672.556 73 22.197 268.236 11.356 21.381 139 0 4 323.313 24.341 231.244 15.904 99.576 37 1 1 371.104 694.417 74 20.281 257.272 10.445 22.730 119 2 4 310.853 22.995 215.240 14.725 106.566 23 0 2 359.551 670.404 75 19.070 249.673 9.481 24.952 110 1 4 303.291 21.997 205.661 13.885 115.381 23 0 1 356.948 660.239 76 13.825 186.252 6.724 20.739 76 0 0 227.616 17.412 148.813 9.840 96.814 15 0 0 272.894 500.510 77 13.859 185.095 6.238 22.504 67 0 4 227.767 17.447 143.722 9.251 107.618 16 0 2 278.056 505.823 78 13.145 178.224 5.439 24.149 66 1 1 221.025 17.600 136.209 8.664 115.592 10 0 0 278.075 499.100 79 12.793 168.688 5.036 25.399 74 0 4 211.994 17.191 124.625 8.062 121.958 14 0 1 271.851 483.845 80 12.318 161.027 4.496 27.016 64 0 2 204.923 17.182 114.552 7.286 130.059 8 0 3 269.090 474.013 81 12.554 166.639 4.325 31.431 41 0 4 214.994 18.266 112.729 7.108 151.276 10 1 1 289.391 504.385 82 11.285 154.053 3.560 32.230 31 0 4 201.163 17.501 98.720 6.097 153.940 8 0 2 276.268 477.431 83 9.758 137.101 3.090 32.200 24 0 1 182.174 16.508 83.057 5.385 154.594 2 0 0 259.546 441.720 84 8.265 114.710 2.421 30.716 22 1 1 156.136 14.988 64.938 4.339 145.970 3 0 0 230.238 386.374 85 6.862 95.023 1.841 28.891 15 0 0 132.632 13.657 50.804 3.641 137.969 3 0 0 206.074 338.706 86 6.293 85.406 1.623 29.045 14 0 2 122.383 13.240 42.210 3.132 139.276 0 1 1 197.860 320.243 87 5.389 70.419 1.248 27.577 19 0 1 104.653 12.266 32.338 2.583 131.553 3 0 0 178.743 283.396 88 4.377 57.538 956 25.291 13 0 0 88.175 11.236 24.303 2.191 120.929 0 0 1 158.660 246.835 89 3.532 45.092 711 22.802 4 1 0 72.142 10.115 17.893 1.759 110.162 0 0 1 139.930 212.072 90 2.856 36.249 508 20.740 7 0 1 60.361 9.222 13.174 1.447 99.541 2 0 0 123.386 183.747 91 2.419 28.380 436 18.778 8 0 3 50.024 8.579 9.643 1.294 91.957 0 0 0 111.473 161.497 92 1.700 19.441 274 14.682 1 0 0 36.098 6.872 5.984 922 72.773 1 0 0 86.552 122.650 93 1.270 13.450
popolazione_2022,This text comes from the document popolazione_2022. 74 0 4 211.994 17.191 124.625 8.062 121.958 14 0 1 271.851 483.845 80 12.318 161.027 4.496 27.016 64 0 2 204.923 17.182 114.552 7.286 130.059 8 0 3 269.090 474.013 81 12.554 166.639 4.325 31.431 41 0 4 214.994 18.266 112.729 7.108 151.276 10 1 1 289.391 504.385 82 11.285 154.053 3.560 32.230 31 0 4 201.163 17.501 98.720 6.097 153.940 8 0 2 276.268 477.431 83 9.758 137.101 3.090 32.200 24 0 1 182.174 16.508 83.057 5.385 154.594 2 0 0 259.546 441.720 84 8.265 114.710 2.421 30.716 22 1 1 156.136 14.988 64.938 4.339 145.970 3 0 0 230.238 386.374 85 6.862 95.023 1.841 28.891 15 0 0 132.632 13.657 50.804 3.641 137.969 3 0 0 206.074 338.706 86 6.293 85.406 1.623 29.045 14 0 2 122.383 13.240 42.210 3.132 139.276 0 1 1 197.860 320.243 87 5.389 70.419 1.248 27.577 19 0 1 104.653 12.266 32.338 2.583 131.553 3 0 0 178.743 283.396 88 4.377 57.538 956 25.291 13 0 0 88.175 11.236 24.303 2.191 120.929 0 0 1 158.660 246.835 89 3.532 45.092 711 22.802 4 1 0 72.142 10.115 17.893 1.759 110.162 0 0 1 139.930 212.072 90 2.856 36.249 508 20.740 7 0 1 60.361 9.222 13.174 1.447 99.541 2 0 0 123.386 183.747 91 2.419 28.380 436 18.778 8 0 3 50.024 8.579 9.643 1.294 91.957 0 0 0 111.473 161.497 92 1.700 19.441 274 14.682 1 0 0 36.098 6.872 5.984 922 72.773 1 0 0 86.552 122.650 93 1.270 13.450 204 11.801 2 0 0 26.727 5.766 4.100 695 59.649 3 0 0 70.213 96.940 94 915 9.204 139 9.464 1 0 0 19.723 4.690 2.588 536 47.968 0 0 0 55.782 75.505 95 623 5.673 87 7.090 0 0 0 13.473 3.605 1.597 399 36.981 0 0 0 42.582 56.055 96 423 3.527 59 5.074 0 0 0 9.083 2.786 1.026 287 27.620 0 0 0 31.719 40.802 97 314 2.071 39 3.770 1 0 1 6.196 2.118 667 214 19.976 0 0 0 22.975 29.171 98 209 1.311 24 2.573 0 0 0 4.117 1.491 466 127 14.327 0 0 0 16.411 20.528 99 136 734 12 1.689 0 0 0 2.571 1.006 275 98 9.792 0 0 0 11.171 13.742 100 e oltre 232 847 21 2.187 0 0 0 3.287 1.674 396 130 14.227 0 0 0 16.427 19.714 Totale 13.683.804 13.544.888 819.339 752.895 17.453 349 228 28.818.956 11.797.970 13.680.458 1.156.109 3.566.917 9.253 388 82 30.211.177 59.030.133 Risultati da 1 a 102 di 102 elementi
popolazione_2022,This text comes from the document popolazione_2022. 204 11.801 2 0 0 26.727 5.766 4.100 695 59.649 3 0 0 70.213 96.940 94 915 9.204 139 9.464 1 0 0 19.723 4.690 2.588 536 47.968 0 0 0 55.782 75.505 95 623 5.673 87 7.090 0 0 0 13.473 3.605 1.597 399 36.981 0 0 0 42.582 56.055 96 423 3.527 59 5.074 0 0 0 9.083 2.786 1.026 287 27.620 0 0 0 31.719 40.802 97 314 2.071 39 3.770 1 0 1 6.196 2.118 667 214 19.976 0 0 0 22.975 29.171 98 209 1.311 24 2.573 0 0 0 4.117 1.491 466 127 14.327 0 0 0 16.411 20.528 99 136 734 12 1.689 0 0 0 2.571 1.006 275 98 9.792 0 0 0 11.171 13.742 100 e oltre 232 847 21 2.187 0 0 0 3.287 1.674 396 130 14.227 0 0 0 16.427 19.714 Totale 13.683.804 13.544.888 819.339 752.895 17.453 349 228 28.818.956 11.797.970 13.680.458 1.156.109 3.566.917 9.253 388 82 30.211.177 59.030.133 Risultati da 1 a 102 di 102 elementi
popolazione_2023,This text comes from the document popolazione_2023. Popolazione residente al 1° gennaio 2023 per età e sesso ( s ) ItaliaEtà Totale maschi Totale femmine Totale 0 203.968 191.380 395.348 1 206.457 195.997 402.454 2 211.046 198.677 409.723 3 219.154 208.065 427.219 4 229.863 216.861 446.724 5 240.259 226.363 466.622 6 246.571 233.760 480.331 7 253.188 239.251 492.439 8 260.787 246.234 507.021 9 264.658 249.747 514.405 10 276.098 260.586 536.684 11 281.024 264.859 545.883 12 289.472 271.991 561.463 13 293.739 276.509 570.248 14 297.046 280.564 577.610 15 297.391 279.163 576.554 16 298.599 279.585 578.184 17 297.619 278.059 575.678 18 301.360 282.489 583.849 19 297.279 276.671 573.950 20 296.590 275.530 572.120 21 301.836 279.003 580.839 22 310.282 283.722 594.004 23 309.038 280.571 589.609 24 313.299 281.686 594.985 25 310.157 283.161 593.318 26 310.103 284.913 595.016 27 307.623 284.758 592.381 28 308.862 289.601 598.463 29 312.660 296.419 609.079 30 325.236 309.268 634.504 31 323.031 309.785 632.816 32 329.611 315.784 645.395 33 326.191 317.416 643.607 34 334.613 325.045 659.658 35 327.153 320.066 647.219 36 328.128 322.291 650.419 37 337.305 333.188 670.493 38 343.828 339.842 683.670 39 349.785 346.020 695.805 40 361.013 358.824 719.837 41 362.289 361.856 724.145 42 372.574 369.601 742.175 43 382.249 383.228 765.477 44 402.539 402.930 805.469 45 414.240 417.360 831.600 46 431.937 435.408 867.345 47 451.742 456.290 908.032 48 469.420 474.509 943.929 49 465.152 472.809 937.961 50 470.049 476.472 946.521 51 472.221 482.685 954.906 52 467.571 477.896 945.467 53 478.695 490.749 969.444 54 473.639 486.960 960.599 55 473.758 489.725 963.483 56 478.635 492.662 971.297 57 476.139 491.233 967.372 58 480.494 497.652 978.146 59 446.897 468.467 915.364 60 428.978 452.536 881.514 61 417.506 443.210 860.716 62 402.654 428.559 831.213 63 390.399 416.976 807.375 64 369.644 398.452 768.096 65 363.179 393.494 756.673 66 353.413 384.653 738.066 67 343.776 376.658 720.434 68 334.882 370.081 704.963 69 318.050 351.087 669.137 70 308.681 345.131 653.812 71 304.078 342.402 646.480 72 310.891 352.672 663.563 73 308.022 352.094 660.116 74 314.675 365.225 679.900 75 301.503 352.934 654.437 76 293.180 349.678 642.858 77 219.447 266.926 486.373 78 218.824 271.183 490.007 79 211.157 270.025 481.182 80 201.268 262.849 464.117 81 193.453 259.038 452.491 82 201.945 277.199 479.144 83 187.588 263.259 450.847 84 168.211 245.218 413.429 85 142.338 215.135 357.473 86 119.197 190.403 309.600 87 108.884 181.089 289.973 88 91.756 161.696 253.452 89 75.908 141.340 217.248 90 61.012 122.465 183.477 91 49.910 105.894 155.804 92 40.758 94.138 134.896 93 28.824 71.772 100.596 94 20.835 56.802 77.637 95 14.946 43.936 58.882 96 9.997 32.626 42.623 97 6.589 23.767 30.356 98 4.276 16.723 20.999 99 2.833 11.695 14.528 100 e oltre 3.730 18.142 21.872 Totale 28.749.359 30.101.358 58.850.717
popolazione_2023,This text comes from the document popolazione_2023. 967.372 58 480.494 497.652 978.146 59 446.897 468.467 915.364 60 428.978 452.536 881.514 61 417.506 443.210 860.716 62 402.654 428.559 831.213 63 390.399 416.976 807.375 64 369.644 398.452 768.096 65 363.179 393.494 756.673 66 353.413 384.653 738.066 67 343.776 376.658 720.434 68 334.882 370.081 704.963 69 318.050 351.087 669.137 70 308.681 345.131 653.812 71 304.078 342.402 646.480 72 310.891 352.672 663.563 73 308.022 352.094 660.116 74 314.675 365.225 679.900 75 301.503 352.934 654.437 76 293.180 349.678 642.858 77 219.447 266.926 486.373 78 218.824 271.183 490.007 79 211.157 270.025 481.182 80 201.268 262.849 464.117 81 193.453 259.038 452.491 82 201.945 277.199 479.144 83 187.588 263.259 450.847 84 168.211 245.218 413.429 85 142.338 215.135 357.473 86 119.197 190.403 309.600 87 108.884 181.089 289.973 88 91.756 161.696 253.452 89 75.908 141.340 217.248 90 61.012 122.465 183.477 91 49.910 105.894 155.804 92 40.758 94.138 134.896 93 28.824 71.772 100.596 94 20.835 56.802 77.637 95 14.946 43.936 58.882 96 9.997 32.626 42.623 97 6.589 23.767 30.356 98 4.276 16.723 20.999 99 2.833 11.695 14.528 100 e oltre 3.730 18.142 21.872 Totale 28.749.359 30.101.358 58.850.717
